#
# TABLE STRUCTURE FOR: users
#

INSERT INTO `users` (`id`, `firstname`, `lastname`, `email`, `password_hash`, `phone`) VALUES ('201', 'Allison', 'Walsh', 'dessie74@example.com', 'ebd3e5d6136e70c05f6e2d0053b547d414eeb5ff', '776');
INSERT INTO `users` (`id`, `firstname`, `lastname`, `email`, `password_hash`, `phone`) VALUES ('202', 'Judson', 'Yundt', 'nikolaus.kirk@example.com', '6511bd734ce3e05f0f9aa5e3f45d71a4e0b86f3f', '75');
INSERT INTO `users` (`id`, `firstname`, `lastname`, `email`, `password_hash`, `phone`) VALUES ('203', 'Rosa', 'Hansen', 'hilda.tremblay@example.net', '3c46181d989bcbf8e9fb6405539ffff2d89fe3b7', '1');
INSERT INTO `users` (`id`, `firstname`, `lastname`, `email`, `password_hash`, `phone`) VALUES ('204', 'Faustino', 'Beahan', 'darren.fritsch@example.com', '59b168b02ebc48cf7a8136d8fb9a6578c1bea4b6', '687');
INSERT INTO `users` (`id`, `firstname`, `lastname`, `email`, `password_hash`, `phone`) VALUES ('205', 'Reta', 'Hessel', 'ashlynn.gottlieb@example.org', 'df01c2cefe75241fce8fc589fbf36e0f2ef33c98', '298');
INSERT INTO `users` (`id`, `firstname`, `lastname`, `email`, `password_hash`, `phone`) VALUES ('206', 'Tamara', 'Sporer', 'flynch@example.org', '56e04d7fb490615a74b1ddf85d83c6db96fe46c0', '0');
INSERT INTO `users` (`id`, `firstname`, `lastname`, `email`, `password_hash`, `phone`) VALUES ('207', 'Lauren', 'Marvin', 'pharris@example.net', '19609e4a1918dcebfcd180ab7a4b428462d8fd3b', '62');
INSERT INTO `users` (`id`, `firstname`, `lastname`, `email`, `password_hash`, `phone`) VALUES ('208', 'Elfrieda', 'Kertzmann', 'okuneva.estefania@example.org', 'd13e5e799f925303498ffac731682192ccf8e9d8', '938674');
INSERT INTO `users` (`id`, `firstname`, `lastname`, `email`, `password_hash`, `phone`) VALUES ('209', 'Raleigh', 'Sanford', 'elsa28@example.net', '21f8000b56cd36ba880fc15853f7d355c0171092', '2287222484');
INSERT INTO `users` (`id`, `firstname`, `lastname`, `email`, `password_hash`, `phone`) VALUES ('210', 'Sabina', 'Rolfson', 'jacobson.gregg@example.net', '255acef8191cb8f9289860c2fd734c46332f4d85', '52649');
INSERT INTO `users` (`id`, `firstname`, `lastname`, `email`, `password_hash`, `phone`) VALUES ('211', 'Rafaela', 'Kiehn', 'caesar63@example.com', '45d2dc85f414b5fd6c0d0c165cbab92b23a115d9', '5897020135');
INSERT INTO `users` (`id`, `firstname`, `lastname`, `email`, `password_hash`, `phone`) VALUES ('212', 'Una', 'Grant', 'feil.earnestine@example.net', '280441c5c032ff63c8f12de9b4ceb629bc93e783', '540573');
INSERT INTO `users` (`id`, `firstname`, `lastname`, `email`, `password_hash`, `phone`) VALUES ('213', 'Tyra', 'Runolfsson', 'wiza.kariane@example.com', '9f61b46949d0daec1e82738b3fa87af6a83523d4', '289');
INSERT INTO `users` (`id`, `firstname`, `lastname`, `email`, `password_hash`, `phone`) VALUES ('216', 'Berenice', 'Harris', 'lmcdermott@example.net', '8daf19ebd4be2d5240d9d396ad7ab8972d2fee1e', '9359706722');
INSERT INTO `users` (`id`, `firstname`, `lastname`, `email`, `password_hash`, `phone`) VALUES ('218', 'Darrick', 'Erdman', 'cary21@example.org', '217bdfcde1fc8250e924b91b961e397cb72d81b5', '270467');
INSERT INTO `users` (`id`, `firstname`, `lastname`, `email`, `password_hash`, `phone`) VALUES ('219', 'Madelynn', 'Lind', 'zmarvin@example.com', '33dd1c7ea999a26e8d5ce99b7a125c0d382f2649', '629');
INSERT INTO `users` (`id`, `firstname`, `lastname`, `email`, `password_hash`, `phone`) VALUES ('220', 'Krystel', 'Ondricka', 'aylin.yost@example.org', 'f2aaed7a64ebeff0652eec2f1ee689c36d9e097b', '8348502939');
INSERT INTO `users` (`id`, `firstname`, `lastname`, `email`, `password_hash`, `phone`) VALUES ('222', 'Jacklyn', 'Von', 'veum.ramona@example.net', '8745fb12c5607f1e0e97b3c2a7fb03770a8ce2df', '201932');
INSERT INTO `users` (`id`, `firstname`, `lastname`, `email`, `password_hash`, `phone`) VALUES ('224', 'Vernice', 'Hyatt', 'treva.rosenbaum@example.org', 'f1a67dae76d274cbe7abb1e91bca394722321ede', '338179');
INSERT INTO `users` (`id`, `firstname`, `lastname`, `email`, `password_hash`, `phone`) VALUES ('227', 'Tessie', 'Bode', 'beau.shanahan@example.com', 'db77ae9050c7014a7813af5b403738a599e2ed77', '953214');
INSERT INTO `users` (`id`, `firstname`, `lastname`, `email`, `password_hash`, `phone`) VALUES ('229', 'Estrella', 'Bernier', 'critchie@example.net', '4c277728718959d3ce3a78cefaa333135e5b89a2', '63155');
INSERT INTO `users` (`id`, `firstname`, `lastname`, `email`, `password_hash`, `phone`) VALUES ('233', 'Vicenta', 'Cartwright', 'mbrekke@example.net', 'af8cdea910a1dcb9822d5cdecbeec6d39d0ac8cb', '91');
INSERT INTO `users` (`id`, `firstname`, `lastname`, `email`, `password_hash`, `phone`) VALUES ('236', 'Waylon', 'Harris', 'tcrooks@example.org', '788bb9baf97d23da681561a0e49b27d646453e66', '443');
INSERT INTO `users` (`id`, `firstname`, `lastname`, `email`, `password_hash`, `phone`) VALUES ('237', 'Jedediah', 'Funk', 'hane.ola@example.org', 'eaa1e248a5bd5f80487113141cf0e099d7af82d3', '524330');
INSERT INTO `users` (`id`, `firstname`, `lastname`, `email`, `password_hash`, `phone`) VALUES ('238', 'Annabelle', 'Cassin', 'dubuque.otho@example.org', '2d9845e1531d709ff068e36d760b89863d6bf974', '8463592121');
INSERT INTO `users` (`id`, `firstname`, `lastname`, `email`, `password_hash`, `phone`) VALUES ('240', 'Howard', 'Treutel', 'kole.schultz@example.com', 'ebe045a72bdd755e2718094426ca79807bc67007', '19');
INSERT INTO `users` (`id`, `firstname`, `lastname`, `email`, `password_hash`, `phone`) VALUES ('242', 'Amaya', 'Cassin', 'eliezer.kuhlman@example.org', '3d01908476a3f5b05fbc43d5e819989ab49a28f3', '932');
INSERT INTO `users` (`id`, `firstname`, `lastname`, `email`, `password_hash`, `phone`) VALUES ('244', 'Bonnie', 'Hartmann', 'vwilliamson@example.com', 'f119d7f0385d296f5a36d309d5ee14e775bede54', '836478');
INSERT INTO `users` (`id`, `firstname`, `lastname`, `email`, `password_hash`, `phone`) VALUES ('246', 'Maverick', 'Johnson', 'hpredovic@example.org', 'b5ea0dd04c5d1d4933b0d60512ff70b7161edb37', '819378');
INSERT INTO `users` (`id`, `firstname`, `lastname`, `email`, `password_hash`, `phone`) VALUES ('248', 'Isabell', 'Breitenberg', 'deborah79@example.net', '3d236ecfa0f376fc923333e76fb3144895c12db0', '947');
INSERT INTO `users` (`id`, `firstname`, `lastname`, `email`, `password_hash`, `phone`) VALUES ('251', 'Myrtis', 'Luettgen', 'okrajcik@example.net', '1c2c897c4e5fcae4677217b840a64b8b116a202b', '357382');
INSERT INTO `users` (`id`, `firstname`, `lastname`, `email`, `password_hash`, `phone`) VALUES ('253', 'Coralie', 'Welch', 'nelda.block@example.com', 'b2d3ac090f1748797829d66a2304b8f2f533876d', '397');
INSERT INTO `users` (`id`, `firstname`, `lastname`, `email`, `password_hash`, `phone`) VALUES ('254', 'Gladys', 'Hackett', 'harvey.carmine@example.org', '6bd3db1a1ebed967c21d3f8f939cc6bcab039c35', '4');
INSERT INTO `users` (`id`, `firstname`, `lastname`, `email`, `password_hash`, `phone`) VALUES ('256', 'Camila', 'Shanahan', 'krenner@example.org', 'babef464a88efffe06a9d00200082fc608f8aa08', '21');
INSERT INTO `users` (`id`, `firstname`, `lastname`, `email`, `password_hash`, `phone`) VALUES ('257', 'Emily', 'Crona', 'hosea66@example.com', 'dc5f97d5c3b2ad183e48881603ec4e0cce869fac', '915234');
INSERT INTO `users` (`id`, `firstname`, `lastname`, `email`, `password_hash`, `phone`) VALUES ('258', 'Giles', 'Gutmann', 'koepp.caroline@example.org', '3749efb1c38bc2e9d85bae6d7ee9b2d696083474', '524736');
INSERT INTO `users` (`id`, `firstname`, `lastname`, `email`, `password_hash`, `phone`) VALUES ('262', 'Albin', 'Kiehn', 'lowe.jena@example.org', '72522f36c95601cf749b718ea74848207e9fa25d', '977');
INSERT INTO `users` (`id`, `firstname`, `lastname`, `email`, `password_hash`, `phone`) VALUES ('264', 'Linwood', 'Stamm', 'qratke@example.com', '4202caf55c06e0f4396ebd3dc26e1d7b2c722610', '376');
INSERT INTO `users` (`id`, `firstname`, `lastname`, `email`, `password_hash`, `phone`) VALUES ('268', 'Lyda', 'Kiehn', 'brennan60@example.net', '37d4f643fcad5f6eaa3e3575373cc6fb6d5e0305', '523084');
INSERT INTO `users` (`id`, `firstname`, `lastname`, `email`, `password_hash`, `phone`) VALUES ('269', 'Casimer', 'Romaguera', 'elva.mcclure@example.org', '600fab89d164c1220907c7d27728f370ffb1858f', '583');
INSERT INTO `users` (`id`, `firstname`, `lastname`, `email`, `password_hash`, `phone`) VALUES ('272', 'Freddie', 'Abbott', 'iwelch@example.org', '7cd6b3156273e04ed07886bac067049645ef0e33', '60');
INSERT INTO `users` (`id`, `firstname`, `lastname`, `email`, `password_hash`, `phone`) VALUES ('276', 'Tessie', 'Lowe', 'ycremin@example.org', 'c90e1c28106a69be8be5af55b910757bee8bdc94', '986');
INSERT INTO `users` (`id`, `firstname`, `lastname`, `email`, `password_hash`, `phone`) VALUES ('277', 'Jaida', 'Kovacek', 'kschiller@example.net', 'd9145ec3c3aec288f8a6ecd2746e3dd60fcbe81f', '648');
INSERT INTO `users` (`id`, `firstname`, `lastname`, `email`, `password_hash`, `phone`) VALUES ('282', 'Karelle', 'Heller', 'dee.olson@example.com', '26407edc9e6488036d08820f6a9fd5b9fbb2e7d6', '7903319200');
INSERT INTO `users` (`id`, `firstname`, `lastname`, `email`, `password_hash`, `phone`) VALUES ('283', 'Johnnie', 'Williamson', 'block.solon@example.org', '0d88081ec559c3bcf8b5a7ef97fcd96b02528a05', '369836');
INSERT INTO `users` (`id`, `firstname`, `lastname`, `email`, `password_hash`, `phone`) VALUES ('284', 'Obie', 'Larson', 'gkutch@example.org', 'c5f53a1a47700fedc4e1677bfcd565d1c14768aa', '2698416906');
INSERT INTO `users` (`id`, `firstname`, `lastname`, `email`, `password_hash`, `phone`) VALUES ('286', 'Kiarra', 'Borer', 'elton67@example.net', 'facb7c4069db5628d7d91361ed800b69e5af819c', '436805');
INSERT INTO `users` (`id`, `firstname`, `lastname`, `email`, `password_hash`, `phone`) VALUES ('287', 'Dorian', 'Deckow', 'madisen.barton@example.com', '68f717df318a43babd45fbbd8f63a5b8447b42fc', '517');
INSERT INTO `users` (`id`, `firstname`, `lastname`, `email`, `password_hash`, `phone`) VALUES ('288', 'Giuseppe', 'Kuhic', 'roob.rosetta@example.net', 'dba3f63b115fffff5b7c60a78df5fdd3d60a19b4', '3045008220');
INSERT INTO `users` (`id`, `firstname`, `lastname`, `email`, `password_hash`, `phone`) VALUES ('290', 'Leda', 'Williamson', 'schamberger.connie@example.com', 'c884120ac346528f6776bc337fb2149abc0b26c7', '67');
INSERT INTO `users` (`id`, `firstname`, `lastname`, `email`, `password_hash`, `phone`) VALUES ('293', 'Arlene', 'Waters', 'emie07@example.org', '677ae7bd03ff1df20841dab1921d511d6615d4f8', '850');
INSERT INTO `users` (`id`, `firstname`, `lastname`, `email`, `password_hash`, `phone`) VALUES ('294', 'Kaylin', 'Willms', 'ttillman@example.net', '38cd03627a46019f50c984494f66a30e68367731', '211');
INSERT INTO `users` (`id`, `firstname`, `lastname`, `email`, `password_hash`, `phone`) VALUES ('295', 'Korey', 'Grady', 'jewel79@example.net', 'c71842ba42b15c7d79938ebe36d77f02b8ab7f64', '74');
INSERT INTO `users` (`id`, `firstname`, `lastname`, `email`, `password_hash`, `phone`) VALUES ('296', 'Dashawn', 'Nienow', 'amiller@example.net', '0ddb2c2d5ba84a509d5fe130e12a985cd8f09ff9', '8840558896');
INSERT INTO `users` (`id`, `firstname`, `lastname`, `email`, `password_hash`, `phone`) VALUES ('298', 'Meredith', 'Ullrich', 'foster.macejkovic@example.org', '3d4be43fe9de61b1e1aaf6c67b7e5c5e3d379466', '46');
INSERT INTO `users` (`id`, `firstname`, `lastname`, `email`, `password_hash`, `phone`) VALUES ('299', 'Hattie', 'Durgan', 'onader@example.net', '03642c7034d29a71e4930456bb3662f867ac025d', '3164972775');
INSERT INTO `users` (`id`, `firstname`, `lastname`, `email`, `password_hash`, `phone`) VALUES ('300', 'Arno', 'Glover', 'rgoodwin@example.com', 'fd15146a5c1b5d8ebf877396671e1559564a07b6', '259');
INSERT INTO `users` (`id`, `firstname`, `lastname`, `email`, `password_hash`, `phone`) VALUES ('301', 'Bianka', 'Bayer', 'kuhlman.stevie@example.net', 'd485f69a1f302e202aff4cddcc80718870cc1798', '482378');
INSERT INTO `users` (`id`, `firstname`, `lastname`, `email`, `password_hash`, `phone`) VALUES ('306', 'Elinor', 'Orn', 'colt.funk@example.com', '76bfd2a271239743fbab7663d774a18ddb043ae2', '283751');
INSERT INTO `users` (`id`, `firstname`, `lastname`, `email`, `password_hash`, `phone`) VALUES ('307', 'Micheal', 'Vandervort', 'treutel.roy@example.com', 'ea99ed3d85e1106b6ee92b7b507cc6978dd48846', '4214050071');
INSERT INTO `users` (`id`, `firstname`, `lastname`, `email`, `password_hash`, `phone`) VALUES ('308', 'Anastasia', 'Reynolds', 'dewayne20@example.net', 'd8aa85e1400126e34d495ac4ce9efe36b5febc9e', '350');
INSERT INTO `users` (`id`, `firstname`, `lastname`, `email`, `password_hash`, `phone`) VALUES ('309', 'Hazle', 'Satterfield', 'tkoss@example.org', '70ccea43f70edb6ffd95d6886f53a49e1d469ce3', '82');
INSERT INTO `users` (`id`, `firstname`, `lastname`, `email`, `password_hash`, `phone`) VALUES ('310', 'Arnaldo', 'Howe', 'edwin.bode@example.com', 'b526e6c9bb915c6f490e6b0a59cb21f6ed5baf49', '156571');
INSERT INTO `users` (`id`, `firstname`, `lastname`, `email`, `password_hash`, `phone`) VALUES ('311', 'Jaylon', 'Rau', 'zita.champlin@example.com', 'f99363920dd70ecb8f7d52bb60799b85ce68d59d', '617343');
INSERT INTO `users` (`id`, `firstname`, `lastname`, `email`, `password_hash`, `phone`) VALUES ('312', 'Osvaldo', 'Wisozk', 'pgulgowski@example.net', '7d1630578e796dc8c9a245c4e625b4710ba43a18', '89');
INSERT INTO `users` (`id`, `firstname`, `lastname`, `email`, `password_hash`, `phone`) VALUES ('313', 'Marcelle', 'Lebsack', 'jgerhold@example.net', '111ec84d3b59c691855e9fb635a5d2d179cd506b', '663016');
INSERT INTO `users` (`id`, `firstname`, `lastname`, `email`, `password_hash`, `phone`) VALUES ('314', 'Alfredo', 'Schoen', 'rex70@example.net', '5f3d4d2af8887917c941e0a01f703440e00faf70', '786850');
INSERT INTO `users` (`id`, `firstname`, `lastname`, `email`, `password_hash`, `phone`) VALUES ('315', 'Breana', 'Bruen', 'mante.damion@example.net', 'fee875d18e9009f29275799871e2183221508216', '831470');
INSERT INTO `users` (`id`, `firstname`, `lastname`, `email`, `password_hash`, `phone`) VALUES ('317', 'Keeley', 'Skiles', 'jakob70@example.org', '2b34c29bb8a8d1477de92b9a5426e27612645997', '44');
INSERT INTO `users` (`id`, `firstname`, `lastname`, `email`, `password_hash`, `phone`) VALUES ('318', 'Jessie', 'Braun', 'bartoletti.domenico@example.com', 'a528e5346dd5fbb4ed606b74d2bd6a76a44e70d4', '1981808845');
INSERT INTO `users` (`id`, `firstname`, `lastname`, `email`, `password_hash`, `phone`) VALUES ('321', 'Reymundo', 'Boyle', 'hector.hermann@example.com', '9f347e54bbd8056d8306bd578cdde3d815c77e12', '866613757');
INSERT INTO `users` (`id`, `firstname`, `lastname`, `email`, `password_hash`, `phone`) VALUES ('322', 'Neha', 'Skiles', 'rkuhn@example.com', 'e8e4faff7aec8ec51d4413a8ddf0f7912fb141ff', '980');
INSERT INTO `users` (`id`, `firstname`, `lastname`, `email`, `password_hash`, `phone`) VALUES ('325', 'Tiffany', 'Reinger', 'gorczany.elnora@example.com', '761d95c7b29f2963cda218ff3aa2cea5e86c734d', '4092449367');
INSERT INTO `users` (`id`, `firstname`, `lastname`, `email`, `password_hash`, `phone`) VALUES ('327', 'Johnson', 'Reilly', 'gstehr@example.org', '75d40b8d0dbca0afb3771606ea911f27a85a9b4a', '636');
INSERT INTO `users` (`id`, `firstname`, `lastname`, `email`, `password_hash`, `phone`) VALUES ('329', 'Lawrence', 'Heidenreich', 'ccummings@example.com', '7143a61b8687ef08c7c1aff303c55b3c85e56193', '88');
INSERT INTO `users` (`id`, `firstname`, `lastname`, `email`, `password_hash`, `phone`) VALUES ('330', 'Glennie', 'Blanda', 'emelia67@example.net', '071922d26cb6f292feac5baba8f03b981d3a6ec7', '357435');
INSERT INTO `users` (`id`, `firstname`, `lastname`, `email`, `password_hash`, `phone`) VALUES ('331', 'Betty', 'Wiegand', 'ruthe11@example.net', 'b0ff2755f53c47dbc82a82eadfe4272bd7472a0f', '45');
INSERT INTO `users` (`id`, `firstname`, `lastname`, `email`, `password_hash`, `phone`) VALUES ('332', 'Tressa', 'Lynch', 'mercedes82@example.com', 'a587dcd2e4bdaf2e9806412482408a34796d95c1', '55');
INSERT INTO `users` (`id`, `firstname`, `lastname`, `email`, `password_hash`, `phone`) VALUES ('333', 'Natalie', 'Hoeger', 'kuhic.alison@example.net', '61cdfcffe2ec3a7d1d5b43fac117af11ed150ffd', '17');
INSERT INTO `users` (`id`, `firstname`, `lastname`, `email`, `password_hash`, `phone`) VALUES ('336', 'Armando', 'Collins', 'amos.bergstrom@example.com', '30b2942a4476f9e8c2de67f17a4db0dfdaa31881', '553');
INSERT INTO `users` (`id`, `firstname`, `lastname`, `email`, `password_hash`, `phone`) VALUES ('338', 'Frederique', 'Muller', 'considine.don@example.org', 'e75cedf349261ad26f6cebf5cbe6e9d043bb39da', '84');
INSERT INTO `users` (`id`, `firstname`, `lastname`, `email`, `password_hash`, `phone`) VALUES ('339', 'Delta', 'Yost', 'cbarton@example.net', '128926c5fe79b5218f27dae4361a456bb8c712fb', '43846');
INSERT INTO `users` (`id`, `firstname`, `lastname`, `email`, `password_hash`, `phone`) VALUES ('340', 'Darion', 'Kuhic', 'conner48@example.net', '975916bd417e11ae1d6a25199b97eb61b7bc64f8', '7297376995');
INSERT INTO `users` (`id`, `firstname`, `lastname`, `email`, `password_hash`, `phone`) VALUES ('341', 'Rachel', 'Nienow', 'huel.sofia@example.net', '0f08fbb1676885f1269d919611787114822500ac', '854');
INSERT INTO `users` (`id`, `firstname`, `lastname`, `email`, `password_hash`, `phone`) VALUES ('342', 'Randal', 'Schneider', 'isaias41@example.com', '97044463c7591b0f4c2db022d6e9211478b2e58a', '5426218295');
INSERT INTO `users` (`id`, `firstname`, `lastname`, `email`, `password_hash`, `phone`) VALUES ('345', 'Gianni', 'Deckow', 'vfeeney@example.com', 'fb1ad11c72b9268605447184c7bd808622ed5c18', '544');
INSERT INTO `users` (`id`, `firstname`, `lastname`, `email`, `password_hash`, `phone`) VALUES ('348', 'Eldon', 'Flatley', 'mueller.rubie@example.com', '09a5bc87714b5a2efe605b790b6a8c2ce0608f9e', '41');
INSERT INTO `users` (`id`, `firstname`, `lastname`, `email`, `password_hash`, `phone`) VALUES ('350', 'Fredrick', 'Hayes', 'hprohaska@example.com', '2974d5508d918291dfb6b545e359946ad041c0d9', '613');
INSERT INTO `users` (`id`, `firstname`, `lastname`, `email`, `password_hash`, `phone`) VALUES ('351', 'Maria', 'Kuhlman', 'granville29@example.org', '791816a469ff414fcedaeeb96e2114cf21780aaa', '8961057975');
INSERT INTO `users` (`id`, `firstname`, `lastname`, `email`, `password_hash`, `phone`) VALUES ('354', 'Roselyn', 'Mraz', 'ford.johns@example.org', '80ef48811035a71613bed4f291cad26e8e1e3e58', '141');
INSERT INTO `users` (`id`, `firstname`, `lastname`, `email`, `password_hash`, `phone`) VALUES ('355', 'Creola', 'Berge', 'harber.golda@example.com', '2186e3e6e80dc107ef0f47e10af4e1a3f587f84d', '118446');
INSERT INTO `users` (`id`, `firstname`, `lastname`, `email`, `password_hash`, `phone`) VALUES ('356', 'Guillermo', 'Abshire', 'aubree.armstrong@example.org', '120beace64e6116a926c0c85246a75acb6ceae42', '321494');
INSERT INTO `users` (`id`, `firstname`, `lastname`, `email`, `password_hash`, `phone`) VALUES ('357', 'Nikita', 'Cassin', 'dooley.zula@example.com', 'ee914af2965eebb7ca907af43b0047b706dc76ae', '7416256511');
INSERT INTO `users` (`id`, `firstname`, `lastname`, `email`, `password_hash`, `phone`) VALUES ('358', 'Herminia', 'Shields', 'lacey.kirlin@example.net', 'd54ed43e9bd9ffeaebe1e5ed49f87ca3da35a778', '86');
INSERT INTO `users` (`id`, `firstname`, `lastname`, `email`, `password_hash`, `phone`) VALUES ('359', 'Mohamed', 'Jones', 'wcormier@example.org', '7f10b68326f3c80b1b4e44d1492965405cc995ec', '796809211');
INSERT INTO `users` (`id`, `firstname`, `lastname`, `email`, `password_hash`, `phone`) VALUES ('361', 'Markus', 'Lehner', 'fmcclure@example.com', '24cf74cba4adf5aeb8931a512a6f9eda66fbd97a', '763');
INSERT INTO `users` (`id`, `firstname`, `lastname`, `email`, `password_hash`, `phone`) VALUES ('363', 'Samantha', 'Sawayn', 'darion04@example.com', '00424adafb4704bd298783b2884f39f5d3e5ed49', '308725');
INSERT INTO `users` (`id`, `firstname`, `lastname`, `email`, `password_hash`, `phone`) VALUES ('364', 'Grayson', 'Jakubowski', 'toy.larue@example.com', 'b3d5808cea355132c159ee67b727a91493c2ec83', '602');
INSERT INTO `users` (`id`, `firstname`, `lastname`, `email`, `password_hash`, `phone`) VALUES ('365', 'Kayli', 'Yost', 'walter.gideon@example.org', 'a6836561ec5ff304d80cd86e6afc28f3c9c21a05', '430');
INSERT INTO `users` (`id`, `firstname`, `lastname`, `email`, `password_hash`, `phone`) VALUES ('366', 'Ellen', 'Glover', 'hilda.dibbert@example.net', '2640e78ed62ad33a4acd886039d8e8974a614982', '697891');
INSERT INTO `users` (`id`, `firstname`, `lastname`, `email`, `password_hash`, `phone`) VALUES ('368', 'Virginia', 'Hills', 'phoebe.littel@example.com', 'a4f2f0828c65a3b48c3f9e087abe3472b0af2cdb', '288864');
INSERT INTO `users` (`id`, `firstname`, `lastname`, `email`, `password_hash`, `phone`) VALUES ('371', 'Josefina', 'Goldner', 'fritsch.emilia@example.com', '3339ab1010e3b626100514b0fef1af3a5dcf489f', '590829');
INSERT INTO `users` (`id`, `firstname`, `lastname`, `email`, `password_hash`, `phone`) VALUES ('372', 'Aurelie', 'Boyle', 'luisa46@example.com', 'e057af112cc71bbe659d9022ae31abd8f7ce6102', '627');
INSERT INTO `users` (`id`, `firstname`, `lastname`, `email`, `password_hash`, `phone`) VALUES ('374', 'Keanu', 'Towne', 'johann.champlin@example.com', 'c3fdc8393e1b67a014c5e934b42dad51c9fda4d4', '107926');
INSERT INTO `users` (`id`, `firstname`, `lastname`, `email`, `password_hash`, `phone`) VALUES ('375', 'Makenna', 'Gaylord', 'xleffler@example.com', '2320aafc689d68c6a697211a8ef540547df770f4', '764953');
INSERT INTO `users` (`id`, `firstname`, `lastname`, `email`, `password_hash`, `phone`) VALUES ('376', 'Abraham', 'Braun', 'fmraz@example.net', '0ea17b24422aa7ae81ad671b2cd6beb1ffc8661a', '724848');
INSERT INTO `users` (`id`, `firstname`, `lastname`, `email`, `password_hash`, `phone`) VALUES ('379', 'Dawn', 'Champlin', 'smitham.ayana@example.com', '8b87431bee029cc4d276e57758fa7888a6647d21', '486863');
INSERT INTO `users` (`id`, `firstname`, `lastname`, `email`, `password_hash`, `phone`) VALUES ('380', 'Ken', 'Ernser', 'ransom66@example.org', 'deef4782a5c759e51aa83bf88e021d69b53a64a3', '32911');
INSERT INTO `users` (`id`, `firstname`, `lastname`, `email`, `password_hash`, `phone`) VALUES ('382', 'Michel', 'Shields', 'owen89@example.org', 'd7215d9e0051c7b7699eef940da44ec2ba4094f1', '794142');
INSERT INTO `users` (`id`, `firstname`, `lastname`, `email`, `password_hash`, `phone`) VALUES ('383', 'Karl', 'Mraz', 'dominique99@example.org', 'a085b95c16145e954f2516a5539afb83593fab38', '58');
INSERT INTO `users` (`id`, `firstname`, `lastname`, `email`, `password_hash`, `phone`) VALUES ('384', 'Zoe', 'Hills', 'corkery.adolf@example.com', '998e46e83870cdec03be2c58b490f55656aa926a', '236257');
INSERT INTO `users` (`id`, `firstname`, `lastname`, `email`, `password_hash`, `phone`) VALUES ('389', 'Glen', 'Monahan', 'qtreutel@example.net', 'ca465e6d1e00ae725ac0e7226014ee82c8d8cbe1', '993');
INSERT INTO `users` (`id`, `firstname`, `lastname`, `email`, `password_hash`, `phone`) VALUES ('390', 'Mike', 'Mertz', 'cedrick55@example.org', 'a3ba06c4363d06c624ae030194b2082b50f64eb2', '465');
INSERT INTO `users` (`id`, `firstname`, `lastname`, `email`, `password_hash`, `phone`) VALUES ('392', 'Rachael', 'Bednar', 'jbeatty@example.net', 'd94cf66c8777fd06858ca0a6a34af892ed7e0831', '821');
INSERT INTO `users` (`id`, `firstname`, `lastname`, `email`, `password_hash`, `phone`) VALUES ('395', 'Bobby', 'Koepp', 'petra.hintz@example.org', '5c1b262d6803c83ca6ab0790d58ded14f0e4bc8a', '329');
INSERT INTO `users` (`id`, `firstname`, `lastname`, `email`, `password_hash`, `phone`) VALUES ('396', 'Freeda', 'Feil', 'lynch.marilie@example.net', '1774907598b791491ee2e38613e9551c96508869', '485729');
INSERT INTO `users` (`id`, `firstname`, `lastname`, `email`, `password_hash`, `phone`) VALUES ('397', 'Delta', 'Mayer', 'ima80@example.net', '8b767dd7109401a8aac45fda7f346ab8e5d56c49', '667');
INSERT INTO `users` (`id`, `firstname`, `lastname`, `email`, `password_hash`, `phone`) VALUES ('398', 'Cassie', 'Stiedemann', 'farrell.sandy@example.net', 'b7061cb06a35b67c224d47a33e8ce28a9c02bcd2', '24');


#
# TABLE STRUCTURE FOR: messages
#

INSERT INTO `messages` (`id`, `from_user_id`, `to_user_id`, `body`, `created_at`) VALUES ('1', '201', '251', 'Placeat dolor vitae rem labore quo praesentium totam. Aut odio facilis inventore ipsam. Consequatur consectetur error assumenda laboriosam. Sit est sapiente architecto dolor aspernatur ex ut maiores.', '1972-10-19 06:13:11');
INSERT INTO `messages` (`id`, `from_user_id`, `to_user_id`, `body`, `created_at`) VALUES ('2', '202', '240', 'Vel pariatur quis dolores cupiditate distinctio dolore qui nisi. Cum facere omnis nulla voluptatum id. Repellat ullam earum ea fuga eum. Harum et illum repellendus occaecati pariatur distinctio. Ipsum aspernatur laborum sed corporis.', '1977-09-01 01:26:44');
INSERT INTO `messages` (`id`, `from_user_id`, `to_user_id`, `body`, `created_at`) VALUES ('3', '203', '380', 'Et libero provident id praesentium omnis. Nisi accusamus minus et quo voluptatum autem id. Dolore tempora ab reiciendis officiis illo quia pariatur.', '1971-06-03 12:52:49');
INSERT INTO `messages` (`id`, `from_user_id`, `to_user_id`, `body`, `created_at`) VALUES ('4', '204', '389', 'Quas qui natus doloribus. Eveniet facere et iste autem iste ab officiis. Iste autem blanditiis architecto est.', '1994-07-07 20:09:24');
INSERT INTO `messages` (`id`, `from_user_id`, `to_user_id`, `body`, `created_at`) VALUES ('5', '205', '345', 'Ad in ullam saepe saepe consequatur animi ea. Architecto et assumenda odit mollitia. Nesciunt ut corporis neque nulla. Facere eaque aut nulla ipsam perferendis odit quaerat.', '1983-07-23 09:34:06');
INSERT INTO `messages` (`id`, `from_user_id`, `to_user_id`, `body`, `created_at`) VALUES ('6', '206', '348', 'Ipsum eaque voluptatem ipsam ducimus in et. Facilis quia qui consequatur quia. Voluptas eum et veniam id omnis.', '2014-02-08 22:33:33');
INSERT INTO `messages` (`id`, `from_user_id`, `to_user_id`, `body`, `created_at`) VALUES ('7', '207', '310', 'Dolor sed quia reiciendis odio et dolor. Aut architecto iste sit voluptatem qui tempore. Rerum veritatis quae et dolorem eum veritatis et. Eveniet debitis omnis facilis quo voluptatum ex quaerat.', '2002-06-10 19:48:27');
INSERT INTO `messages` (`id`, `from_user_id`, `to_user_id`, `body`, `created_at`) VALUES ('8', '208', '382', 'Sint nostrum id explicabo. Itaque commodi inventore omnis enim hic ullam. Molestiae est optio eius hic.', '1987-05-25 01:48:01');
INSERT INTO `messages` (`id`, `from_user_id`, `to_user_id`, `body`, `created_at`) VALUES ('9', '209', '384', 'Rem voluptatum dolores sit. Sit qui et tenetur deserunt deleniti necessitatibus blanditiis. Magni in minima reprehenderit.', '2004-10-08 07:44:32');
INSERT INTO `messages` (`id`, `from_user_id`, `to_user_id`, `body`, `created_at`) VALUES ('10', '210', '220', 'Qui sequi nesciunt optio quia autem architecto. Autem cum voluptate vero assumenda non. Dolorum autem facilis et distinctio ex aliquam corrupti ad. Fuga maiores sit beatae doloribus totam nam inventore molestiae.', '1989-12-27 17:24:07');
INSERT INTO `messages` (`id`, `from_user_id`, `to_user_id`, `body`, `created_at`) VALUES ('11', '211', '202', 'Perferendis veritatis autem quisquam reprehenderit. Voluptates sunt omnis exercitationem. Unde quia ratione ut qui aut.', '1995-02-11 23:46:57');
INSERT INTO `messages` (`id`, `from_user_id`, `to_user_id`, `body`, `created_at`) VALUES ('12', '212', '204', 'Sed sit quia sit unde qui reprehenderit. Nostrum maxime et quidem et. Quia facilis earum ullam.', '1977-10-03 21:02:22');
INSERT INTO `messages` (`id`, `from_user_id`, `to_user_id`, `body`, `created_at`) VALUES ('13', '213', '242', 'Autem qui expedita maxime veniam. Corporis et omnis architecto. Culpa assumenda hic error tenetur quod. Saepe id praesentium sed necessitatibus.', '1979-05-25 11:25:21');
INSERT INTO `messages` (`id`, `from_user_id`, `to_user_id`, `body`, `created_at`) VALUES ('14', '216', '213', 'Rem nihil ratione minus et necessitatibus maxime voluptate. Qui reiciendis veritatis molestiae et ut voluptatem voluptatem sit. Sint quo similique quasi est in officiis tenetur. Consectetur ratione mollitia reiciendis non dolores est et eos.', '1989-08-31 11:33:41');
INSERT INTO `messages` (`id`, `from_user_id`, `to_user_id`, `body`, `created_at`) VALUES ('15', '218', '301', 'Ab voluptatem sed beatae. Deleniti eum nostrum debitis aut repellendus cupiditate quo. Ea qui dolor voluptatem quo quia accusamus. Velit eligendi quidem hic.', '2007-07-21 07:31:16');
INSERT INTO `messages` (`id`, `from_user_id`, `to_user_id`, `body`, `created_at`) VALUES ('16', '219', '375', 'Et non voluptatem nemo inventore cum ea. Ut est quos vel rerum autem. Expedita reprehenderit officia asperiores modi voluptatem totam. Et odio qui voluptas rerum.', '1978-08-25 14:59:36');
INSERT INTO `messages` (`id`, `from_user_id`, `to_user_id`, `body`, `created_at`) VALUES ('17', '220', '372', 'Quia quia non beatae et ipsa ducimus. Et iusto veritatis veritatis et recusandae. Doloremque id repudiandae id consequatur nesciunt nihil. Et quia excepturi quam nesciunt at. Et quas omnis ut aspernatur sed eveniet cupiditate.', '1991-10-24 03:32:51');
INSERT INTO `messages` (`id`, `from_user_id`, `to_user_id`, `body`, `created_at`) VALUES ('18', '222', '340', 'Facere omnis assumenda nulla nulla et et eligendi fugiat. Minima at eius velit reiciendis. Eaque molestias debitis sit officia.', '2003-06-11 14:49:49');
INSERT INTO `messages` (`id`, `from_user_id`, `to_user_id`, `body`, `created_at`) VALUES ('19', '224', '315', 'Quis alias dicta enim quidem. Sed officia tempore animi ex consectetur maiores. Itaque enim enim vel eos dolores. In pariatur molestias est.', '1977-05-20 22:09:33');
INSERT INTO `messages` (`id`, `from_user_id`, `to_user_id`, `body`, `created_at`) VALUES ('20', '227', '238', 'Laborum sint maiores sunt et ab ipsum. Nostrum natus rerum voluptatem. Eaque saepe expedita ab necessitatibus nobis adipisci. Praesentium ad beatae dolor enim magnam qui ex. Doloribus aspernatur architecto harum nobis.', '2015-08-29 01:08:13');
INSERT INTO `messages` (`id`, `from_user_id`, `to_user_id`, `body`, `created_at`) VALUES ('21', '229', '358', 'Reprehenderit inventore officiis nisi quaerat fugiat a voluptatem. Non voluptatem est nihil ut maiores dolor fugit. Nostrum reiciendis at minus labore ut aut qui.', '2017-06-17 00:40:00');
INSERT INTO `messages` (`id`, `from_user_id`, `to_user_id`, `body`, `created_at`) VALUES ('22', '233', '350', 'Numquam minima dolore dolore omnis debitis. Aspernatur beatae id quod ut eum. At culpa aut ut reiciendis cupiditate qui itaque. Officia aut voluptatibus facere et.', '2016-10-05 06:26:19');
INSERT INTO `messages` (`id`, `from_user_id`, `to_user_id`, `body`, `created_at`) VALUES ('23', '236', '212', 'Aut consequatur ratione assumenda omnis praesentium ratione. Repudiandae vitae esse laboriosam odio corporis accusamus dignissimos. Modi voluptas optio est vitae omnis.', '2001-12-12 11:05:43');
INSERT INTO `messages` (`id`, `from_user_id`, `to_user_id`, `body`, `created_at`) VALUES ('24', '237', '310', 'Excepturi quis sint illo occaecati et rerum expedita voluptates. Nisi quaerat et veniam asperiores asperiores. Facere voluptas voluptatem vel sed.', '2016-04-22 12:01:24');
INSERT INTO `messages` (`id`, `from_user_id`, `to_user_id`, `body`, `created_at`) VALUES ('25', '238', '312', 'Sit non veritatis earum tenetur praesentium provident. Est reiciendis reiciendis quaerat inventore. Et accusamus aut molestiae perspiciatis voluptate ea dicta. Sed consectetur ratione architecto molestiae officia culpa aut.', '2007-12-30 03:37:41');
INSERT INTO `messages` (`id`, `from_user_id`, `to_user_id`, `body`, `created_at`) VALUES ('26', '240', '322', 'Odio et eaque consequatur. Veritatis ducimus maiores ut. Ut qui aliquam earum quibusdam sed rerum quia alias.', '1975-03-26 12:20:16');
INSERT INTO `messages` (`id`, `from_user_id`, `to_user_id`, `body`, `created_at`) VALUES ('27', '242', '384', 'Odio veritatis itaque nostrum libero tempore. Velit voluptatem voluptatem commodi quis. Fuga deleniti est impedit sint et.', '2021-03-19 03:46:26');
INSERT INTO `messages` (`id`, `from_user_id`, `to_user_id`, `body`, `created_at`) VALUES ('28', '244', '314', 'Ut rerum molestias cum omnis. Atque dolorum maiores neque laborum. Nesciunt in molestias et a voluptatem ut ipsam. Et ut quia illo adipisci iusto quod exercitationem. Velit nobis corrupti laudantium itaque quae cupiditate.', '2009-10-26 22:51:28');
INSERT INTO `messages` (`id`, `from_user_id`, `to_user_id`, `body`, `created_at`) VALUES ('29', '246', '286', 'Maiores explicabo aut perspiciatis voluptas velit. Saepe in eum dolor nam ullam.', '2007-02-12 05:42:49');
INSERT INTO `messages` (`id`, `from_user_id`, `to_user_id`, `body`, `created_at`) VALUES ('30', '248', '208', 'Quis ut velit eos enim fuga. Optio expedita quidem ipsum aperiam amet culpa nulla consequatur. Et illo nobis quia. Sint sapiente voluptatem sapiente dolores nihil nihil sed. Et quo id aliquid distinctio.', '1985-01-24 18:24:23');
INSERT INTO `messages` (`id`, `from_user_id`, `to_user_id`, `body`, `created_at`) VALUES ('31', '251', '237', 'Iusto mollitia dolorem exercitationem quod eligendi odit velit tempora. Porro at quos voluptates exercitationem amet qui. Magnam et voluptatum ut temporibus.', '1997-01-15 12:13:51');
INSERT INTO `messages` (`id`, `from_user_id`, `to_user_id`, `body`, `created_at`) VALUES ('32', '253', '331', 'Voluptas magnam iste distinctio esse repellendus dolorem beatae. Id maiores voluptatem incidunt id hic et. Itaque dolorum laudantium nihil et omnis esse molestiae.', '2016-05-07 13:31:52');
INSERT INTO `messages` (`id`, `from_user_id`, `to_user_id`, `body`, `created_at`) VALUES ('33', '254', '254', 'Quos accusamus recusandae quo enim iusto veniam. Ad sit iure quis veritatis quod aliquid. Enim dignissimos et aliquid fugit rerum et. Possimus tenetur nostrum deserunt est mollitia ut eligendi et. Est esse qui porro.', '1989-10-25 12:07:17');
INSERT INTO `messages` (`id`, `from_user_id`, `to_user_id`, `body`, `created_at`) VALUES ('34', '256', '213', 'Quaerat accusamus distinctio neque. Placeat voluptas esse necessitatibus qui et necessitatibus reprehenderit laudantium. Omnis beatae numquam quis aut suscipit.', '2005-01-26 18:22:46');
INSERT INTO `messages` (`id`, `from_user_id`, `to_user_id`, `body`, `created_at`) VALUES ('35', '257', '321', 'Esse corrupti ut quia id inventore. Quod sit omnis facilis quia iure. Quia natus reiciendis aliquam. Est consequuntur possimus dolores consequatur architecto voluptatem quae fugit. Provident quidem aperiam ut incidunt sequi nisi.', '1977-10-16 07:51:04');
INSERT INTO `messages` (`id`, `from_user_id`, `to_user_id`, `body`, `created_at`) VALUES ('36', '258', '201', 'Iusto aut qui ut. Accusamus doloribus quos natus fuga non est deleniti. Sapiente eum voluptatem vitae autem veniam. Veritatis aut et quisquam. Eos et nesciunt corporis nobis fugiat natus.', '2006-08-07 04:23:39');
INSERT INTO `messages` (`id`, `from_user_id`, `to_user_id`, `body`, `created_at`) VALUES ('37', '262', '365', 'Velit sint quaerat quis consequatur et. Incidunt quia odit omnis et. Ut iusto aut quam quis sunt quia. Qui tempore ratione consectetur consequatur.', '1996-10-25 06:33:30');
INSERT INTO `messages` (`id`, `from_user_id`, `to_user_id`, `body`, `created_at`) VALUES ('38', '264', '218', 'Maiores sit eos voluptate quia voluptatem eos aut. Omnis in qui cupiditate doloribus et cum ex.', '1983-01-28 16:07:03');
INSERT INTO `messages` (`id`, `from_user_id`, `to_user_id`, `body`, `created_at`) VALUES ('39', '268', '382', 'Praesentium est dolores et deserunt modi quam. Sint voluptates adipisci itaque nostrum. Aspernatur eum natus iure odio.', '1980-12-05 19:10:04');
INSERT INTO `messages` (`id`, `from_user_id`, `to_user_id`, `body`, `created_at`) VALUES ('40', '269', '356', 'Ut vel sed voluptatem temporibus tenetur. Recusandae eligendi aliquid et quia sequi.', '2000-03-04 04:02:43');
INSERT INTO `messages` (`id`, `from_user_id`, `to_user_id`, `body`, `created_at`) VALUES ('41', '272', '251', 'Ipsum voluptas aut minus voluptatum quis ut. Laboriosam necessitatibus dolor a vitae distinctio et optio. Distinctio rerum provident nisi esse ipsa molestiae. Consectetur consectetur rerum id et at.', '1984-08-24 18:43:37');
INSERT INTO `messages` (`id`, `from_user_id`, `to_user_id`, `body`, `created_at`) VALUES ('42', '276', '384', 'Excepturi tenetur nemo consequuntur delectus. Eaque voluptas excepturi voluptatem ipsam provident.', '2015-01-17 22:27:35');
INSERT INTO `messages` (`id`, `from_user_id`, `to_user_id`, `body`, `created_at`) VALUES ('43', '277', '359', 'Vel iure veniam qui similique esse totam. Tenetur vero est sunt deserunt sed accusamus qui repellendus. Error ratione laudantium aut dolores explicabo.', '1983-04-11 00:50:12');
INSERT INTO `messages` (`id`, `from_user_id`, `to_user_id`, `body`, `created_at`) VALUES ('44', '282', '300', 'Consectetur omnis voluptas totam qui quae. Quo enim consequatur porro fugiat suscipit quasi assumenda a. Molestias rem at repellendus veritatis sed modi et.', '2002-04-04 03:51:05');
INSERT INTO `messages` (`id`, `from_user_id`, `to_user_id`, `body`, `created_at`) VALUES ('45', '283', '205', 'Consequuntur sit aliquid repellat voluptas reprehenderit quaerat est. Occaecati aliquid quia harum vero reiciendis dicta. Ex et eius facilis praesentium corrupti ipsum. Quod ducimus dicta quidem eum qui commodi nostrum mollitia.', '1993-02-27 00:10:25');
INSERT INTO `messages` (`id`, `from_user_id`, `to_user_id`, `body`, `created_at`) VALUES ('46', '284', '256', 'Non quas et culpa quo consequatur nihil. Laborum dolorem consequuntur libero. Iusto provident nobis quaerat deserunt fugit. Ducimus ipsa et alias consequatur reiciendis est nostrum.', '1996-10-25 22:06:16');
INSERT INTO `messages` (`id`, `from_user_id`, `to_user_id`, `body`, `created_at`) VALUES ('47', '286', '282', 'Sit eos illum assumenda aperiam. Omnis eveniet autem eius amet aut.', '1993-06-17 16:32:52');
INSERT INTO `messages` (`id`, `from_user_id`, `to_user_id`, `body`, `created_at`) VALUES ('48', '287', '379', 'Ab cumque nobis sint doloribus. Aut iste voluptatibus nemo alias.', '1993-06-07 23:21:20');
INSERT INTO `messages` (`id`, `from_user_id`, `to_user_id`, `body`, `created_at`) VALUES ('49', '288', '396', 'Error qui at porro perferendis. Sunt dicta eveniet ipsum molestiae. Autem natus dolorem corrupti ut.', '2002-07-24 21:51:47');
INSERT INTO `messages` (`id`, `from_user_id`, `to_user_id`, `body`, `created_at`) VALUES ('50', '290', '389', 'Quia optio qui perferendis repudiandae quam. Omnis sit natus totam repudiandae. Dolor corporis illo voluptas.', '2000-02-06 20:19:20');
INSERT INTO `messages` (`id`, `from_user_id`, `to_user_id`, `body`, `created_at`) VALUES ('51', '293', '216', 'Atque ut voluptatem blanditiis perferendis ullam possimus. Amet sit in est assumenda facilis neque. Ut nihil eaque ut vero voluptatem nobis iure. Molestiae culpa voluptatum ipsam voluptatum voluptatem aut rerum.', '2007-10-12 08:07:43');
INSERT INTO `messages` (`id`, `from_user_id`, `to_user_id`, `body`, `created_at`) VALUES ('52', '294', '356', 'Ut aut molestiae vero beatae est id voluptatem. Eum est facere sunt. Repellat laudantium maxime est iure voluptatibus reiciendis non qui.', '1980-08-22 15:04:15');
INSERT INTO `messages` (`id`, `from_user_id`, `to_user_id`, `body`, `created_at`) VALUES ('53', '295', '338', 'Voluptatem impedit quia dignissimos repellendus laboriosam incidunt. Dolor amet aut harum rerum accusantium dolorem consequatur. Tempora eum perferendis voluptatem sunt et nam et expedita.', '2005-03-16 21:47:42');
INSERT INTO `messages` (`id`, `from_user_id`, `to_user_id`, `body`, `created_at`) VALUES ('54', '296', '238', 'Eveniet voluptas reiciendis assumenda et repellat. Officia eveniet ea sit id. Doloremque facilis ratione iste. Iusto corrupti vero sit modi nam voluptatibus.', '1987-08-04 10:55:56');
INSERT INTO `messages` (`id`, `from_user_id`, `to_user_id`, `body`, `created_at`) VALUES ('55', '298', '262', 'Aut provident itaque et. Possimus facilis quia nihil corporis aut numquam sequi placeat.', '2012-07-11 08:15:45');
INSERT INTO `messages` (`id`, `from_user_id`, `to_user_id`, `body`, `created_at`) VALUES ('56', '299', '244', 'Magni omnis sint in adipisci occaecati natus quisquam. Voluptates temporibus at quia ut dicta. Nesciunt ut totam suscipit rerum non provident.', '2007-10-18 20:09:27');
INSERT INTO `messages` (`id`, `from_user_id`, `to_user_id`, `body`, `created_at`) VALUES ('57', '300', '363', 'Quos ut nemo ratione sed. Omnis mollitia ut sit sunt est vitae. Dolores vero inventore ea laudantium optio explicabo dolorum voluptas. Similique ratione est velit dolorum ratione temporibus molestiae.', '2003-01-30 16:32:29');
INSERT INTO `messages` (`id`, `from_user_id`, `to_user_id`, `body`, `created_at`) VALUES ('58', '301', '248', 'Qui qui et nihil ipsa repellat. Voluptate consequuntur recusandae labore quis et impedit. Quod necessitatibus porro dolorum nulla minima minus. Est quam fugiat veniam quis.', '1982-06-16 17:43:23');
INSERT INTO `messages` (`id`, `from_user_id`, `to_user_id`, `body`, `created_at`) VALUES ('59', '306', '359', 'Eum sit quam cum accusantium. Magnam ipsum sit velit quasi explicabo quas. Adipisci maxime neque assumenda dolor necessitatibus quisquam natus fugit. Natus quibusdam placeat et est qui. Et quia ipsum veritatis et nihil dolorem.', '1991-11-18 23:49:18');
INSERT INTO `messages` (`id`, `from_user_id`, `to_user_id`, `body`, `created_at`) VALUES ('60', '307', '238', 'Et alias iure saepe deserunt. Minus est itaque nisi occaecati dolorem aperiam fugiat. Et id magnam quod ratione earum cupiditate. Alias omnis voluptate fugiat dolorem.', '2003-02-24 03:05:22');
INSERT INTO `messages` (`id`, `from_user_id`, `to_user_id`, `body`, `created_at`) VALUES ('61', '308', '262', 'Architecto tempore quos hic consequatur at. Et incidunt est natus voluptatem ut beatae nihil quae. Assumenda sed consequatur voluptas itaque saepe.', '1973-07-17 17:59:33');
INSERT INTO `messages` (`id`, `from_user_id`, `to_user_id`, `body`, `created_at`) VALUES ('62', '309', '398', 'Modi tenetur illo adipisci ipsum. Quidem et ipsum quia saepe tempora et quae. Sapiente animi explicabo odio unde consectetur perspiciatis. Temporibus nesciunt praesentium recusandae et temporibus. Et officiis consequatur amet sed id.', '2016-05-30 08:08:49');
INSERT INTO `messages` (`id`, `from_user_id`, `to_user_id`, `body`, `created_at`) VALUES ('63', '310', '371', 'Accusantium delectus illum sed ea eos et. Expedita voluptatem quia et nam qui aut ratione dicta. Sit autem itaque quasi eos velit consequatur.', '2007-07-01 13:05:55');
INSERT INTO `messages` (`id`, `from_user_id`, `to_user_id`, `body`, `created_at`) VALUES ('64', '311', '318', 'Explicabo aut aut enim velit. Est voluptatem perspiciatis aut qui vel consequatur veniam. Quia neque a veritatis corrupti. Quod quos qui consequatur dolores veniam autem.', '1973-07-09 12:21:17');
INSERT INTO `messages` (`id`, `from_user_id`, `to_user_id`, `body`, `created_at`) VALUES ('65', '312', '213', 'Numquam corrupti odit sed voluptate laborum. Sunt tempora veniam et in ut. Adipisci ea facere commodi necessitatibus.', '1986-09-14 20:24:11');
INSERT INTO `messages` (`id`, `from_user_id`, `to_user_id`, `body`, `created_at`) VALUES ('66', '313', '296', 'Quisquam est autem asperiores deserunt cupiditate rem. Quo ipsa fugit pariatur nisi quaerat ipsam.', '2003-08-18 14:50:42');
INSERT INTO `messages` (`id`, `from_user_id`, `to_user_id`, `body`, `created_at`) VALUES ('67', '314', '318', 'Maxime deleniti sequi aut qui vel occaecati officiis. Animi nostrum deserunt doloremque veniam vitae voluptatem. Eos a eum necessitatibus commodi. Rerum reiciendis eveniet eligendi perferendis sint debitis.', '1989-03-25 10:53:20');
INSERT INTO `messages` (`id`, `from_user_id`, `to_user_id`, `body`, `created_at`) VALUES ('68', '315', '389', 'At deserunt officia officiis suscipit autem inventore voluptates. Aspernatur aliquam sed aliquid voluptatem voluptas odit. At nesciunt est est. Modi odio et quia porro eos aut.', '2008-02-18 09:41:38');
INSERT INTO `messages` (`id`, `from_user_id`, `to_user_id`, `body`, `created_at`) VALUES ('69', '317', '315', 'Maiores animi facilis explicabo dignissimos vel. Consequatur rerum veniam laudantium omnis. Quod consectetur amet natus eveniet veniam suscipit sapiente.', '1979-06-30 01:12:00');
INSERT INTO `messages` (`id`, `from_user_id`, `to_user_id`, `body`, `created_at`) VALUES ('70', '318', '308', 'Eius vel voluptas rerum delectus asperiores dolor alias. Perspiciatis praesentium pariatur qui quibusdam cupiditate ut. Nemo est quas et animi rerum iure. Perferendis et et sit impedit doloremque.', '1979-09-10 13:52:10');
INSERT INTO `messages` (`id`, `from_user_id`, `to_user_id`, `body`, `created_at`) VALUES ('71', '321', '342', 'Adipisci ad voluptatem est repellendus eaque. Qui molestiae cumque rerum adipisci rerum id. Odio a voluptas dolores aut sit.', '2004-12-28 20:08:56');
INSERT INTO `messages` (`id`, `from_user_id`, `to_user_id`, `body`, `created_at`) VALUES ('72', '322', '364', 'Voluptatem sit distinctio sunt tenetur. Ipsum nemo a et tempora eos maxime. Error iste id qui atque libero modi in. Delectus molestiae et non.', '1988-04-24 00:41:26');
INSERT INTO `messages` (`id`, `from_user_id`, `to_user_id`, `body`, `created_at`) VALUES ('73', '325', '295', 'Facilis libero dolores dolorem consectetur atque aut. Ipsa distinctio et minus sit aut nam. Vero sed et dolorem. Voluptatem earum et assumenda iure earum mollitia.', '1988-04-05 10:44:16');
INSERT INTO `messages` (`id`, `from_user_id`, `to_user_id`, `body`, `created_at`) VALUES ('74', '327', '309', 'Iure quam nam explicabo itaque. Porro odit repellendus eum qui nulla. Quia a sit fuga facere sed dolorem sunt. Expedita asperiores quia vel rerum quia.', '2000-10-05 06:35:45');
INSERT INTO `messages` (`id`, `from_user_id`, `to_user_id`, `body`, `created_at`) VALUES ('75', '329', '262', 'Alias est quis enim. Aliquam ut possimus architecto eligendi.', '2006-04-07 08:13:18');
INSERT INTO `messages` (`id`, `from_user_id`, `to_user_id`, `body`, `created_at`) VALUES ('76', '330', '301', 'Impedit dolorem est quae ratione. Quia provident est distinctio dicta. Deserunt similique omnis voluptas aliquid soluta aut voluptatibus.', '2010-03-12 19:18:00');
INSERT INTO `messages` (`id`, `from_user_id`, `to_user_id`, `body`, `created_at`) VALUES ('77', '331', '359', 'Nihil accusamus eum id. Quaerat quia porro totam accusamus accusantium. Laboriosam sapiente velit nihil ipsam. Culpa illum omnis officia autem ipsum ea consequatur.', '1984-06-09 14:18:59');
INSERT INTO `messages` (`id`, `from_user_id`, `to_user_id`, `body`, `created_at`) VALUES ('78', '332', '338', 'Et perspiciatis vitae doloribus ullam doloremque. Optio animi sed veniam est incidunt eius. Laboriosam ducimus sit deleniti nulla voluptas aut. Repellendus et dicta nisi ad est maiores.', '1972-01-26 02:07:51');
INSERT INTO `messages` (`id`, `from_user_id`, `to_user_id`, `body`, `created_at`) VALUES ('79', '333', '286', 'Cum quia repellat recusandae consequatur consequuntur temporibus suscipit nostrum. Vero quibusdam omnis eum aliquam. Autem suscipit illum hic deleniti reiciendis sed. Fugiat distinctio rerum est dolore corporis nesciunt numquam.', '2000-11-16 17:23:24');
INSERT INTO `messages` (`id`, `from_user_id`, `to_user_id`, `body`, `created_at`) VALUES ('80', '336', '357', 'Omnis quis ducimus aut ut quidem qui. Placeat atque voluptatem sed distinctio incidunt. Voluptas dolorem nisi illum et asperiores omnis iste. Et qui consequuntur assumenda omnis.', '1996-01-23 14:11:18');
INSERT INTO `messages` (`id`, `from_user_id`, `to_user_id`, `body`, `created_at`) VALUES ('81', '338', '327', 'Saepe rerum consequatur facere rerum aspernatur magni tempora. Ut excepturi tempore vero quia deleniti est. Laboriosam explicabo aut et a ea. In est temporibus ipsa nam. Optio alias rerum consequatur molestias atque consequatur sed debitis.', '1970-10-09 12:10:20');
INSERT INTO `messages` (`id`, `from_user_id`, `to_user_id`, `body`, `created_at`) VALUES ('82', '339', '307', 'Aut similique labore maxime cum corrupti sint. Non eveniet animi nihil. Laudantium sed quae atque occaecati.', '1980-12-03 00:00:57');
INSERT INTO `messages` (`id`, `from_user_id`, `to_user_id`, `body`, `created_at`) VALUES ('83', '340', '314', 'Voluptatibus aut delectus facilis quo. Quia est ut quis voluptatum. Maiores velit perferendis adipisci nesciunt nesciunt.', '1970-04-26 02:31:14');
INSERT INTO `messages` (`id`, `from_user_id`, `to_user_id`, `body`, `created_at`) VALUES ('84', '341', '262', 'Quia sed voluptatem cumque dolorum fugiat. Dolores molestias dolorem asperiores est quo et cupiditate in. Et impedit velit quaerat veritatis debitis deserunt.', '1975-06-27 00:44:07');
INSERT INTO `messages` (`id`, `from_user_id`, `to_user_id`, `body`, `created_at`) VALUES ('85', '342', '341', 'Ipsam perferendis sed fugiat impedit et qui vitae. Aliquid alias facilis tenetur aut dolore. Consequatur deleniti quia quae alias et qui temporibus.', '1976-08-11 15:40:21');
INSERT INTO `messages` (`id`, `from_user_id`, `to_user_id`, `body`, `created_at`) VALUES ('86', '345', '372', 'Sequi aspernatur aperiam illo vitae ut. Eius maiores hic illum possimus fugit. Fugit voluptate itaque itaque et nobis quam minima ea. Voluptates eum neque molestias sequi quia ut.', '2004-02-21 17:17:09');
INSERT INTO `messages` (`id`, `from_user_id`, `to_user_id`, `body`, `created_at`) VALUES ('87', '348', '312', 'Rerum culpa corporis vitae vel. Est sed cupiditate cum cumque et mollitia.', '1988-07-02 20:16:40');
INSERT INTO `messages` (`id`, `from_user_id`, `to_user_id`, `body`, `created_at`) VALUES ('88', '350', '310', 'Quod illo nihil et placeat iure earum corrupti. Architecto vero adipisci blanditiis nostrum facere quia perferendis. Et nihil debitis provident eaque. Dolore rerum maiores aut eveniet. Quos omnis iure numquam explicabo dolor aut provident distinctio.', '2005-08-21 19:03:28');
INSERT INTO `messages` (`id`, `from_user_id`, `to_user_id`, `body`, `created_at`) VALUES ('89', '351', '216', 'Modi placeat repudiandae nostrum alias modi quia. Cum autem amet dolores nostrum. Rerum blanditiis eos quisquam aspernatur. Vero asperiores illum ratione non quod perspiciatis corrupti. Id qui aut non magnam.', '1981-05-30 22:19:47');
INSERT INTO `messages` (`id`, `from_user_id`, `to_user_id`, `body`, `created_at`) VALUES ('90', '354', '276', 'Nihil aliquam rerum cum quia. Aliquam qui animi sed rerum molestiae velit quo. Consequatur sed officia autem laborum. Natus error delectus quo vel porro necessitatibus rerum. Est quia facilis laborum laborum ut.', '2009-05-22 08:32:56');
INSERT INTO `messages` (`id`, `from_user_id`, `to_user_id`, `body`, `created_at`) VALUES ('91', '355', '348', 'At odio dolor ipsum qui non dolore. Perferendis fugit quia maxime qui aut eaque necessitatibus. Omnis et voluptas voluptas. Similique similique corrupti dolorum quibusdam.', '1986-03-11 21:39:41');
INSERT INTO `messages` (`id`, `from_user_id`, `to_user_id`, `body`, `created_at`) VALUES ('92', '356', '290', 'Et quia perferendis rerum omnis ut tenetur nihil. Repellendus totam ab et ipsam ut rerum est. Placeat minus cum modi qui architecto quasi tempora.', '1981-04-19 17:41:43');
INSERT INTO `messages` (`id`, `from_user_id`, `to_user_id`, `body`, `created_at`) VALUES ('93', '357', '276', 'Ipsa eos numquam placeat ducimus. Doloremque et dolorem quis praesentium architecto odit. Maiores ea error et itaque voluptatibus.', '2017-05-26 13:14:02');
INSERT INTO `messages` (`id`, `from_user_id`, `to_user_id`, `body`, `created_at`) VALUES ('94', '358', '321', 'Repudiandae sed qui quasi quae non et corrupti soluta. Nihil vero dignissimos quis dolore autem et id. Pariatur soluta maxime ut nostrum ea ut.', '1981-07-19 04:56:16');
INSERT INTO `messages` (`id`, `from_user_id`, `to_user_id`, `body`, `created_at`) VALUES ('95', '359', '202', 'Quo aut quia non minima rerum rerum voluptas. Magni qui similique eum sed. Ea odio quisquam doloremque est porro numquam quaerat. Illo voluptas qui enim quidem sed neque quo.', '2017-12-26 06:23:01');
INSERT INTO `messages` (`id`, `from_user_id`, `to_user_id`, `body`, `created_at`) VALUES ('96', '361', '298', 'Excepturi dignissimos earum doloremque ex natus. Omnis excepturi asperiores qui porro id. Ratione perspiciatis recusandae blanditiis illo ullam non. Eligendi et modi corporis dolorum.', '1986-11-11 00:51:04');
INSERT INTO `messages` (`id`, `from_user_id`, `to_user_id`, `body`, `created_at`) VALUES ('97', '363', '206', 'Repudiandae minus exercitationem maxime aut voluptatem ad. Molestias facere ipsum neque et. Ut culpa quisquam omnis.', '1998-10-07 18:48:38');
INSERT INTO `messages` (`id`, `from_user_id`, `to_user_id`, `body`, `created_at`) VALUES ('98', '364', '321', 'Temporibus error quae corrupti labore delectus placeat. Sit et animi recusandae sed odio et nam. Nobis inventore velit est delectus qui. Quia eos nam dolorem in necessitatibus perspiciatis.', '1992-06-13 22:37:08');
INSERT INTO `messages` (`id`, `from_user_id`, `to_user_id`, `body`, `created_at`) VALUES ('99', '365', '287', 'Aut vero voluptas consequuntur qui quo eum cum voluptatem. Voluptatem voluptatibus doloribus laborum earum error et quasi. Omnis corrupti ut veritatis nihil non cum quisquam.', '1990-02-28 22:40:11');
INSERT INTO `messages` (`id`, `from_user_id`, `to_user_id`, `body`, `created_at`) VALUES ('100', '366', '325', 'Blanditiis ab vel ut quas soluta. Dolores sed aut et nulla. Numquam earum odit nesciunt natus.', '1972-06-01 05:02:23');


#
# TABLE STRUCTURE FOR: communities
#

INSERT INTO `communities` (`id`, `name`, `admin_user_id`) VALUES ('1', 'quod', '201');
INSERT INTO `communities` (`id`, `name`, `admin_user_id`) VALUES ('2', 'autem', '202');
INSERT INTO `communities` (`id`, `name`, `admin_user_id`) VALUES ('3', 'non', '203');
INSERT INTO `communities` (`id`, `name`, `admin_user_id`) VALUES ('4', 'veniam', '204');
INSERT INTO `communities` (`id`, `name`, `admin_user_id`) VALUES ('5', 'veniam', '205');
INSERT INTO `communities` (`id`, `name`, `admin_user_id`) VALUES ('6', 'sunt', '206');
INSERT INTO `communities` (`id`, `name`, `admin_user_id`) VALUES ('7', 'at', '207');
INSERT INTO `communities` (`id`, `name`, `admin_user_id`) VALUES ('8', 'optio', '208');
INSERT INTO `communities` (`id`, `name`, `admin_user_id`) VALUES ('9', 'voluptatem', '209');
INSERT INTO `communities` (`id`, `name`, `admin_user_id`) VALUES ('10', 'repudiandae', '210');
INSERT INTO `communities` (`id`, `name`, `admin_user_id`) VALUES ('11', 'dolorum', '211');
INSERT INTO `communities` (`id`, `name`, `admin_user_id`) VALUES ('12', 'delectus', '212');
INSERT INTO `communities` (`id`, `name`, `admin_user_id`) VALUES ('13', 'accusamus', '213');
INSERT INTO `communities` (`id`, `name`, `admin_user_id`) VALUES ('14', 'exercitationem', '216');
INSERT INTO `communities` (`id`, `name`, `admin_user_id`) VALUES ('15', 'blanditiis', '218');
INSERT INTO `communities` (`id`, `name`, `admin_user_id`) VALUES ('16', 'eius', '219');
INSERT INTO `communities` (`id`, `name`, `admin_user_id`) VALUES ('17', 'rem', '220');
INSERT INTO `communities` (`id`, `name`, `admin_user_id`) VALUES ('18', 'perferendis', '222');
INSERT INTO `communities` (`id`, `name`, `admin_user_id`) VALUES ('19', 'ullam', '224');
INSERT INTO `communities` (`id`, `name`, `admin_user_id`) VALUES ('20', 'repellendus', '227');
INSERT INTO `communities` (`id`, `name`, `admin_user_id`) VALUES ('21', 'perspiciatis', '229');
INSERT INTO `communities` (`id`, `name`, `admin_user_id`) VALUES ('22', 'qui', '233');
INSERT INTO `communities` (`id`, `name`, `admin_user_id`) VALUES ('23', 'cum', '236');
INSERT INTO `communities` (`id`, `name`, `admin_user_id`) VALUES ('24', 'aperiam', '237');
INSERT INTO `communities` (`id`, `name`, `admin_user_id`) VALUES ('25', 'commodi', '238');
INSERT INTO `communities` (`id`, `name`, `admin_user_id`) VALUES ('26', 'in', '240');
INSERT INTO `communities` (`id`, `name`, `admin_user_id`) VALUES ('27', 'voluptas', '242');
INSERT INTO `communities` (`id`, `name`, `admin_user_id`) VALUES ('28', 'dolore', '244');
INSERT INTO `communities` (`id`, `name`, `admin_user_id`) VALUES ('29', 'est', '246');
INSERT INTO `communities` (`id`, `name`, `admin_user_id`) VALUES ('30', 'quis', '248');
INSERT INTO `communities` (`id`, `name`, `admin_user_id`) VALUES ('31', 'perferendis', '251');
INSERT INTO `communities` (`id`, `name`, `admin_user_id`) VALUES ('32', 'nemo', '253');
INSERT INTO `communities` (`id`, `name`, `admin_user_id`) VALUES ('33', 'molestiae', '254');
INSERT INTO `communities` (`id`, `name`, `admin_user_id`) VALUES ('34', 'voluptate', '256');
INSERT INTO `communities` (`id`, `name`, `admin_user_id`) VALUES ('35', 'minus', '257');
INSERT INTO `communities` (`id`, `name`, `admin_user_id`) VALUES ('36', 'sint', '258');
INSERT INTO `communities` (`id`, `name`, `admin_user_id`) VALUES ('37', 'debitis', '262');
INSERT INTO `communities` (`id`, `name`, `admin_user_id`) VALUES ('38', 'eligendi', '264');
INSERT INTO `communities` (`id`, `name`, `admin_user_id`) VALUES ('39', 'quia', '268');
INSERT INTO `communities` (`id`, `name`, `admin_user_id`) VALUES ('40', 'non', '269');
INSERT INTO `communities` (`id`, `name`, `admin_user_id`) VALUES ('41', 'id', '272');
INSERT INTO `communities` (`id`, `name`, `admin_user_id`) VALUES ('42', 'aliquid', '276');
INSERT INTO `communities` (`id`, `name`, `admin_user_id`) VALUES ('43', 'saepe', '277');
INSERT INTO `communities` (`id`, `name`, `admin_user_id`) VALUES ('44', 'error', '282');
INSERT INTO `communities` (`id`, `name`, `admin_user_id`) VALUES ('45', 'exercitationem', '283');
INSERT INTO `communities` (`id`, `name`, `admin_user_id`) VALUES ('46', 'qui', '284');
INSERT INTO `communities` (`id`, `name`, `admin_user_id`) VALUES ('47', 'quia', '286');
INSERT INTO `communities` (`id`, `name`, `admin_user_id`) VALUES ('48', 'delectus', '287');
INSERT INTO `communities` (`id`, `name`, `admin_user_id`) VALUES ('49', 'temporibus', '288');
INSERT INTO `communities` (`id`, `name`, `admin_user_id`) VALUES ('50', 'cupiditate', '290');
INSERT INTO `communities` (`id`, `name`, `admin_user_id`) VALUES ('51', 'voluptatem', '293');
INSERT INTO `communities` (`id`, `name`, `admin_user_id`) VALUES ('52', 'nostrum', '294');
INSERT INTO `communities` (`id`, `name`, `admin_user_id`) VALUES ('53', 'harum', '295');
INSERT INTO `communities` (`id`, `name`, `admin_user_id`) VALUES ('54', 'aut', '296');
INSERT INTO `communities` (`id`, `name`, `admin_user_id`) VALUES ('55', 'alias', '298');
INSERT INTO `communities` (`id`, `name`, `admin_user_id`) VALUES ('56', 'ipsam', '299');
INSERT INTO `communities` (`id`, `name`, `admin_user_id`) VALUES ('57', 'iusto', '300');
INSERT INTO `communities` (`id`, `name`, `admin_user_id`) VALUES ('58', 'distinctio', '301');
INSERT INTO `communities` (`id`, `name`, `admin_user_id`) VALUES ('59', 'repellendus', '306');
INSERT INTO `communities` (`id`, `name`, `admin_user_id`) VALUES ('60', 'voluptate', '307');
INSERT INTO `communities` (`id`, `name`, `admin_user_id`) VALUES ('61', 'qui', '308');
INSERT INTO `communities` (`id`, `name`, `admin_user_id`) VALUES ('62', 'eveniet', '309');
INSERT INTO `communities` (`id`, `name`, `admin_user_id`) VALUES ('63', 'inventore', '310');
INSERT INTO `communities` (`id`, `name`, `admin_user_id`) VALUES ('64', 'perferendis', '311');
INSERT INTO `communities` (`id`, `name`, `admin_user_id`) VALUES ('65', 'et', '312');
INSERT INTO `communities` (`id`, `name`, `admin_user_id`) VALUES ('66', 'dolorem', '313');
INSERT INTO `communities` (`id`, `name`, `admin_user_id`) VALUES ('67', 'eum', '314');
INSERT INTO `communities` (`id`, `name`, `admin_user_id`) VALUES ('68', 'provident', '315');
INSERT INTO `communities` (`id`, `name`, `admin_user_id`) VALUES ('69', 'non', '317');
INSERT INTO `communities` (`id`, `name`, `admin_user_id`) VALUES ('70', 'provident', '318');
INSERT INTO `communities` (`id`, `name`, `admin_user_id`) VALUES ('71', 'et', '321');
INSERT INTO `communities` (`id`, `name`, `admin_user_id`) VALUES ('72', 'aliquam', '322');
INSERT INTO `communities` (`id`, `name`, `admin_user_id`) VALUES ('73', 'sunt', '325');
INSERT INTO `communities` (`id`, `name`, `admin_user_id`) VALUES ('74', 'vitae', '327');
INSERT INTO `communities` (`id`, `name`, `admin_user_id`) VALUES ('75', 'magni', '329');
INSERT INTO `communities` (`id`, `name`, `admin_user_id`) VALUES ('76', 'distinctio', '330');
INSERT INTO `communities` (`id`, `name`, `admin_user_id`) VALUES ('77', 'omnis', '331');
INSERT INTO `communities` (`id`, `name`, `admin_user_id`) VALUES ('78', 'provident', '332');
INSERT INTO `communities` (`id`, `name`, `admin_user_id`) VALUES ('79', 'voluptatem', '333');
INSERT INTO `communities` (`id`, `name`, `admin_user_id`) VALUES ('80', 'minus', '336');
INSERT INTO `communities` (`id`, `name`, `admin_user_id`) VALUES ('81', 'consequatur', '338');
INSERT INTO `communities` (`id`, `name`, `admin_user_id`) VALUES ('82', 'corrupti', '339');
INSERT INTO `communities` (`id`, `name`, `admin_user_id`) VALUES ('83', 'qui', '340');
INSERT INTO `communities` (`id`, `name`, `admin_user_id`) VALUES ('84', 'adipisci', '341');
INSERT INTO `communities` (`id`, `name`, `admin_user_id`) VALUES ('85', 'et', '342');
INSERT INTO `communities` (`id`, `name`, `admin_user_id`) VALUES ('86', 'error', '345');
INSERT INTO `communities` (`id`, `name`, `admin_user_id`) VALUES ('87', 'ipsum', '348');
INSERT INTO `communities` (`id`, `name`, `admin_user_id`) VALUES ('88', 'sed', '350');
INSERT INTO `communities` (`id`, `name`, `admin_user_id`) VALUES ('89', 'repudiandae', '351');
INSERT INTO `communities` (`id`, `name`, `admin_user_id`) VALUES ('90', 'assumenda', '354');
INSERT INTO `communities` (`id`, `name`, `admin_user_id`) VALUES ('91', 'magnam', '355');
INSERT INTO `communities` (`id`, `name`, `admin_user_id`) VALUES ('92', 'et', '356');
INSERT INTO `communities` (`id`, `name`, `admin_user_id`) VALUES ('93', 'rem', '357');
INSERT INTO `communities` (`id`, `name`, `admin_user_id`) VALUES ('94', 'ab', '358');
INSERT INTO `communities` (`id`, `name`, `admin_user_id`) VALUES ('95', 'autem', '359');
INSERT INTO `communities` (`id`, `name`, `admin_user_id`) VALUES ('96', 'quis', '361');
INSERT INTO `communities` (`id`, `name`, `admin_user_id`) VALUES ('97', 'blanditiis', '363');
INSERT INTO `communities` (`id`, `name`, `admin_user_id`) VALUES ('98', 'repellat', '364');
INSERT INTO `communities` (`id`, `name`, `admin_user_id`) VALUES ('99', 'sunt', '365');
INSERT INTO `communities` (`id`, `name`, `admin_user_id`) VALUES ('100', 'autem', '366');


#
# TABLE STRUCTURE FOR: friend_requests
#

INSERT INTO `friend_requests` (`initiator_user_id`, `target_user_id`, `status`, `requested_at`, `updated_at`) VALUES ('201', '364', 'approved', '1996-02-15 12:55:52', '2021-03-23 23:11:11');
INSERT INTO `friend_requests` (`initiator_user_id`, `target_user_id`, `status`, `requested_at`, `updated_at`) VALUES ('202', '308', 'declined', '2002-11-17 18:39:45', '1979-07-24 16:38:41');
INSERT INTO `friend_requests` (`initiator_user_id`, `target_user_id`, `status`, `requested_at`, `updated_at`) VALUES ('203', '365', 'unfriended', '2003-11-11 13:11:18', '1977-11-04 02:04:31');
INSERT INTO `friend_requests` (`initiator_user_id`, `target_user_id`, `status`, `requested_at`, `updated_at`) VALUES ('204', '379', 'approved', '2003-03-10 09:07:40', '1983-02-13 21:42:46');
INSERT INTO `friend_requests` (`initiator_user_id`, `target_user_id`, `status`, `requested_at`, `updated_at`) VALUES ('205', '216', 'approved', '2019-05-13 10:35:34', '1975-01-31 12:52:08');
INSERT INTO `friend_requests` (`initiator_user_id`, `target_user_id`, `status`, `requested_at`, `updated_at`) VALUES ('206', '296', 'approved', '1997-06-16 20:58:16', '1993-11-05 11:54:51');
INSERT INTO `friend_requests` (`initiator_user_id`, `target_user_id`, `status`, `requested_at`, `updated_at`) VALUES ('207', '329', 'unfriended', '1981-10-15 08:10:36', '1990-07-02 20:47:27');
INSERT INTO `friend_requests` (`initiator_user_id`, `target_user_id`, `status`, `requested_at`, `updated_at`) VALUES ('208', '296', 'approved', '1973-12-30 04:55:54', '1970-05-19 06:30:13');
INSERT INTO `friend_requests` (`initiator_user_id`, `target_user_id`, `status`, `requested_at`, `updated_at`) VALUES ('209', '312', 'requested', '1970-12-07 10:34:43', '1976-07-31 14:12:43');
INSERT INTO `friend_requests` (`initiator_user_id`, `target_user_id`, `status`, `requested_at`, `updated_at`) VALUES ('210', '287', 'requested', '2016-10-29 10:22:58', '1986-04-14 08:23:05');
INSERT INTO `friend_requests` (`initiator_user_id`, `target_user_id`, `status`, `requested_at`, `updated_at`) VALUES ('211', '390', 'declined', '1978-01-26 22:56:17', '1978-02-01 18:10:13');
INSERT INTO `friend_requests` (`initiator_user_id`, `target_user_id`, `status`, `requested_at`, `updated_at`) VALUES ('212', '211', 'approved', '2013-12-24 18:42:01', '2001-05-23 06:29:08');
INSERT INTO `friend_requests` (`initiator_user_id`, `target_user_id`, `status`, `requested_at`, `updated_at`) VALUES ('213', '222', 'approved', '2019-12-20 20:41:22', '2005-12-10 18:34:25');
INSERT INTO `friend_requests` (`initiator_user_id`, `target_user_id`, `status`, `requested_at`, `updated_at`) VALUES ('216', '256', 'requested', '2002-01-01 08:11:04', '1991-02-09 18:49:24');
INSERT INTO `friend_requests` (`initiator_user_id`, `target_user_id`, `status`, `requested_at`, `updated_at`) VALUES ('218', '356', 'requested', '1982-08-20 10:26:57', '2014-01-27 19:58:23');
INSERT INTO `friend_requests` (`initiator_user_id`, `target_user_id`, `status`, `requested_at`, `updated_at`) VALUES ('219', '361', 'unfriended', '1999-06-11 05:40:16', '2018-06-18 04:03:42');
INSERT INTO `friend_requests` (`initiator_user_id`, `target_user_id`, `status`, `requested_at`, `updated_at`) VALUES ('220', '315', 'unfriended', '1984-07-05 21:29:52', '1987-05-27 08:31:32');
INSERT INTO `friend_requests` (`initiator_user_id`, `target_user_id`, `status`, `requested_at`, `updated_at`) VALUES ('222', '336', 'unfriended', '2001-05-26 21:00:14', '1992-07-30 19:27:58');
INSERT INTO `friend_requests` (`initiator_user_id`, `target_user_id`, `status`, `requested_at`, `updated_at`) VALUES ('224', '282', 'requested', '2000-12-03 18:42:30', '1973-07-24 22:08:54');
INSERT INTO `friend_requests` (`initiator_user_id`, `target_user_id`, `status`, `requested_at`, `updated_at`) VALUES ('227', '238', 'unfriended', '1999-09-11 12:25:05', '2008-08-18 07:22:02');
INSERT INTO `friend_requests` (`initiator_user_id`, `target_user_id`, `status`, `requested_at`, `updated_at`) VALUES ('229', '354', 'approved', '1999-09-15 23:37:30', '1998-10-23 14:22:22');
INSERT INTO `friend_requests` (`initiator_user_id`, `target_user_id`, `status`, `requested_at`, `updated_at`) VALUES ('233', '236', 'requested', '2013-10-24 23:27:08', '1975-05-08 00:06:40');
INSERT INTO `friend_requests` (`initiator_user_id`, `target_user_id`, `status`, `requested_at`, `updated_at`) VALUES ('236', '364', 'approved', '2011-07-29 08:11:46', '1996-07-08 00:54:36');
INSERT INTO `friend_requests` (`initiator_user_id`, `target_user_id`, `status`, `requested_at`, `updated_at`) VALUES ('237', '306', 'declined', '2010-12-31 21:41:58', '2011-06-19 14:59:49');
INSERT INTO `friend_requests` (`initiator_user_id`, `target_user_id`, `status`, `requested_at`, `updated_at`) VALUES ('238', '361', 'approved', '2004-12-23 07:49:08', '2018-03-08 17:01:38');
INSERT INTO `friend_requests` (`initiator_user_id`, `target_user_id`, `status`, `requested_at`, `updated_at`) VALUES ('240', '246', 'declined', '1989-05-13 20:34:30', '2014-08-11 06:04:56');
INSERT INTO `friend_requests` (`initiator_user_id`, `target_user_id`, `status`, `requested_at`, `updated_at`) VALUES ('242', '207', 'unfriended', '1990-03-08 01:02:43', '2001-04-30 18:44:06');
INSERT INTO `friend_requests` (`initiator_user_id`, `target_user_id`, `status`, `requested_at`, `updated_at`) VALUES ('246', '208', 'unfriended', '1981-09-24 18:19:27', '2008-02-23 03:15:28');
INSERT INTO `friend_requests` (`initiator_user_id`, `target_user_id`, `status`, `requested_at`, `updated_at`) VALUES ('248', '341', 'approved', '2014-02-19 05:10:29', '1988-07-01 22:09:08');
INSERT INTO `friend_requests` (`initiator_user_id`, `target_user_id`, `status`, `requested_at`, `updated_at`) VALUES ('251', '288', 'requested', '1990-01-26 12:43:24', '1989-06-14 15:53:40');
INSERT INTO `friend_requests` (`initiator_user_id`, `target_user_id`, `status`, `requested_at`, `updated_at`) VALUES ('253', '376', 'declined', '1975-02-21 03:40:19', '2001-07-06 10:15:58');
INSERT INTO `friend_requests` (`initiator_user_id`, `target_user_id`, `status`, `requested_at`, `updated_at`) VALUES ('254', '242', 'approved', '2004-02-21 23:10:42', '1989-03-15 10:47:36');
INSERT INTO `friend_requests` (`initiator_user_id`, `target_user_id`, `status`, `requested_at`, `updated_at`) VALUES ('256', '246', 'unfriended', '1980-10-19 06:30:15', '2009-10-31 07:27:39');
INSERT INTO `friend_requests` (`initiator_user_id`, `target_user_id`, `status`, `requested_at`, `updated_at`) VALUES ('257', '358', 'unfriended', '1988-10-11 01:53:27', '1979-01-24 09:25:31');
INSERT INTO `friend_requests` (`initiator_user_id`, `target_user_id`, `status`, `requested_at`, `updated_at`) VALUES ('258', '269', 'declined', '2012-10-23 21:39:04', '2013-05-17 02:18:00');
INSERT INTO `friend_requests` (`initiator_user_id`, `target_user_id`, `status`, `requested_at`, `updated_at`) VALUES ('262', '340', 'unfriended', '1977-01-27 10:34:57', '2020-07-25 12:59:51');
INSERT INTO `friend_requests` (`initiator_user_id`, `target_user_id`, `status`, `requested_at`, `updated_at`) VALUES ('264', '290', 'approved', '2003-07-03 02:57:56', '1973-11-23 23:15:25');
INSERT INTO `friend_requests` (`initiator_user_id`, `target_user_id`, `status`, `requested_at`, `updated_at`) VALUES ('268', '358', 'declined', '1993-03-13 07:46:53', '1972-08-20 15:18:27');
INSERT INTO `friend_requests` (`initiator_user_id`, `target_user_id`, `status`, `requested_at`, `updated_at`) VALUES ('269', '248', 'declined', '1984-12-17 06:00:47', '2014-03-30 21:12:31');
INSERT INTO `friend_requests` (`initiator_user_id`, `target_user_id`, `status`, `requested_at`, `updated_at`) VALUES ('272', '364', 'unfriended', '2011-09-12 22:17:37', '1989-05-14 04:17:08');
INSERT INTO `friend_requests` (`initiator_user_id`, `target_user_id`, `status`, `requested_at`, `updated_at`) VALUES ('276', '350', 'declined', '1972-03-11 21:10:20', '1984-03-05 05:37:30');
INSERT INTO `friend_requests` (`initiator_user_id`, `target_user_id`, `status`, `requested_at`, `updated_at`) VALUES ('277', '269', 'approved', '2015-07-06 09:24:07', '2011-04-09 13:17:44');
INSERT INTO `friend_requests` (`initiator_user_id`, `target_user_id`, `status`, `requested_at`, `updated_at`) VALUES ('282', '396', 'approved', '2002-08-16 17:30:00', '1990-11-19 23:58:12');
INSERT INTO `friend_requests` (`initiator_user_id`, `target_user_id`, `status`, `requested_at`, `updated_at`) VALUES ('283', '204', 'requested', '2008-05-22 20:21:12', '1977-12-13 16:10:25');
INSERT INTO `friend_requests` (`initiator_user_id`, `target_user_id`, `status`, `requested_at`, `updated_at`) VALUES ('284', '213', 'declined', '1980-12-28 04:18:22', '1984-08-28 23:19:53');
INSERT INTO `friend_requests` (`initiator_user_id`, `target_user_id`, `status`, `requested_at`, `updated_at`) VALUES ('286', '357', 'approved', '2006-05-12 14:08:59', '2006-06-08 14:06:37');
INSERT INTO `friend_requests` (`initiator_user_id`, `target_user_id`, `status`, `requested_at`, `updated_at`) VALUES ('287', '321', 'requested', '2011-07-17 10:55:34', '1979-06-27 12:13:14');
INSERT INTO `friend_requests` (`initiator_user_id`, `target_user_id`, `status`, `requested_at`, `updated_at`) VALUES ('288', '357', 'unfriended', '2007-03-22 09:23:21', '1999-05-30 11:42:20');
INSERT INTO `friend_requests` (`initiator_user_id`, `target_user_id`, `status`, `requested_at`, `updated_at`) VALUES ('290', '224', 'approved', '1992-01-05 22:45:31', '2000-01-27 12:41:07');
INSERT INTO `friend_requests` (`initiator_user_id`, `target_user_id`, `status`, `requested_at`, `updated_at`) VALUES ('293', '359', 'requested', '1983-05-28 06:34:13', '2008-08-13 23:46:50');
INSERT INTO `friend_requests` (`initiator_user_id`, `target_user_id`, `status`, `requested_at`, `updated_at`) VALUES ('294', '311', 'approved', '1983-10-27 02:45:55', '1989-04-18 20:07:13');
INSERT INTO `friend_requests` (`initiator_user_id`, `target_user_id`, `status`, `requested_at`, `updated_at`) VALUES ('295', '272', 'requested', '2016-06-04 20:07:53', '1983-07-20 09:11:53');
INSERT INTO `friend_requests` (`initiator_user_id`, `target_user_id`, `status`, `requested_at`, `updated_at`) VALUES ('296', '329', 'unfriended', '2004-05-03 23:15:27', '2012-05-30 13:36:03');
INSERT INTO `friend_requests` (`initiator_user_id`, `target_user_id`, `status`, `requested_at`, `updated_at`) VALUES ('298', '205', 'unfriended', '1993-04-05 13:58:59', '1981-11-06 01:48:40');
INSERT INTO `friend_requests` (`initiator_user_id`, `target_user_id`, `status`, `requested_at`, `updated_at`) VALUES ('299', '224', 'declined', '1999-10-30 21:02:35', '1977-07-27 03:26:45');
INSERT INTO `friend_requests` (`initiator_user_id`, `target_user_id`, `status`, `requested_at`, `updated_at`) VALUES ('300', '372', 'requested', '1990-09-03 05:35:40', '1986-03-08 16:23:06');
INSERT INTO `friend_requests` (`initiator_user_id`, `target_user_id`, `status`, `requested_at`, `updated_at`) VALUES ('301', '212', 'unfriended', '1979-11-28 04:30:45', '1997-07-12 13:44:41');
INSERT INTO `friend_requests` (`initiator_user_id`, `target_user_id`, `status`, `requested_at`, `updated_at`) VALUES ('306', '286', 'requested', '1980-01-03 21:00:21', '2013-12-21 04:41:48');
INSERT INTO `friend_requests` (`initiator_user_id`, `target_user_id`, `status`, `requested_at`, `updated_at`) VALUES ('307', '384', 'declined', '1973-06-28 03:33:48', '1984-02-26 19:55:32');
INSERT INTO `friend_requests` (`initiator_user_id`, `target_user_id`, `status`, `requested_at`, `updated_at`) VALUES ('308', '359', 'requested', '1996-07-31 04:43:35', '2007-05-06 00:20:26');
INSERT INTO `friend_requests` (`initiator_user_id`, `target_user_id`, `status`, `requested_at`, `updated_at`) VALUES ('309', '359', 'declined', '2015-02-01 23:57:27', '2004-01-14 04:01:53');
INSERT INTO `friend_requests` (`initiator_user_id`, `target_user_id`, `status`, `requested_at`, `updated_at`) VALUES ('310', '364', 'declined', '2003-05-28 12:52:35', '2004-12-14 09:30:55');
INSERT INTO `friend_requests` (`initiator_user_id`, `target_user_id`, `status`, `requested_at`, `updated_at`) VALUES ('311', '203', 'declined', '1994-10-26 09:03:20', '2012-03-18 12:52:33');
INSERT INTO `friend_requests` (`initiator_user_id`, `target_user_id`, `status`, `requested_at`, `updated_at`) VALUES ('312', '206', 'requested', '1972-03-15 03:20:29', '1981-05-27 00:30:09');
INSERT INTO `friend_requests` (`initiator_user_id`, `target_user_id`, `status`, `requested_at`, `updated_at`) VALUES ('313', '325', 'requested', '1993-06-25 00:46:08', '1986-07-31 15:41:45');
INSERT INTO `friend_requests` (`initiator_user_id`, `target_user_id`, `status`, `requested_at`, `updated_at`) VALUES ('314', '277', 'unfriended', '1970-07-04 05:31:01', '1970-01-05 04:15:01');
INSERT INTO `friend_requests` (`initiator_user_id`, `target_user_id`, `status`, `requested_at`, `updated_at`) VALUES ('315', '351', 'approved', '1976-12-04 12:23:10', '2000-09-21 03:46:34');
INSERT INTO `friend_requests` (`initiator_user_id`, `target_user_id`, `status`, `requested_at`, `updated_at`) VALUES ('317', '205', 'approved', '1970-02-03 16:54:42', '1986-06-10 07:20:59');
INSERT INTO `friend_requests` (`initiator_user_id`, `target_user_id`, `status`, `requested_at`, `updated_at`) VALUES ('318', '222', 'approved', '1986-01-16 07:22:18', '2012-06-04 18:29:51');
INSERT INTO `friend_requests` (`initiator_user_id`, `target_user_id`, `status`, `requested_at`, `updated_at`) VALUES ('321', '398', 'declined', '1979-03-21 20:56:12', '1980-04-07 21:05:10');
INSERT INTO `friend_requests` (`initiator_user_id`, `target_user_id`, `status`, `requested_at`, `updated_at`) VALUES ('322', '372', 'declined', '1970-11-04 05:39:47', '2017-10-30 04:13:43');
INSERT INTO `friend_requests` (`initiator_user_id`, `target_user_id`, `status`, `requested_at`, `updated_at`) VALUES ('325', '376', 'requested', '2020-05-15 04:39:05', '2003-03-23 08:05:46');
INSERT INTO `friend_requests` (`initiator_user_id`, `target_user_id`, `status`, `requested_at`, `updated_at`) VALUES ('327', '268', 'unfriended', '2017-09-03 02:50:57', '1972-09-09 12:23:57');
INSERT INTO `friend_requests` (`initiator_user_id`, `target_user_id`, `status`, `requested_at`, `updated_at`) VALUES ('329', '366', 'declined', '2011-12-17 23:43:08', '1993-11-12 05:06:34');
INSERT INTO `friend_requests` (`initiator_user_id`, `target_user_id`, `status`, `requested_at`, `updated_at`) VALUES ('330', '382', 'approved', '2001-09-02 09:16:02', '2008-01-03 10:21:29');
INSERT INTO `friend_requests` (`initiator_user_id`, `target_user_id`, `status`, `requested_at`, `updated_at`) VALUES ('331', '293', 'approved', '2007-09-15 22:30:20', '2014-02-09 22:16:42');
INSERT INTO `friend_requests` (`initiator_user_id`, `target_user_id`, `status`, `requested_at`, `updated_at`) VALUES ('332', '329', 'approved', '1977-08-19 21:03:31', '2001-02-28 13:01:35');
INSERT INTO `friend_requests` (`initiator_user_id`, `target_user_id`, `status`, `requested_at`, `updated_at`) VALUES ('333', '309', 'approved', '1976-08-19 15:22:11', '2019-02-12 01:34:30');
INSERT INTO `friend_requests` (`initiator_user_id`, `target_user_id`, `status`, `requested_at`, `updated_at`) VALUES ('336', '240', 'declined', '1995-03-13 20:42:03', '1983-07-06 13:34:45');
INSERT INTO `friend_requests` (`initiator_user_id`, `target_user_id`, `status`, `requested_at`, `updated_at`) VALUES ('338', '357', 'approved', '1993-10-02 11:06:09', '2001-09-12 07:15:38');
INSERT INTO `friend_requests` (`initiator_user_id`, `target_user_id`, `status`, `requested_at`, `updated_at`) VALUES ('339', '264', 'approved', '2014-06-05 23:43:57', '1977-01-02 14:52:40');
INSERT INTO `friend_requests` (`initiator_user_id`, `target_user_id`, `status`, `requested_at`, `updated_at`) VALUES ('340', '351', 'unfriended', '2012-09-29 16:10:21', '2021-03-27 05:25:52');
INSERT INTO `friend_requests` (`initiator_user_id`, `target_user_id`, `status`, `requested_at`, `updated_at`) VALUES ('341', '219', 'requested', '1991-09-13 08:10:11', '1996-02-22 19:49:24');
INSERT INTO `friend_requests` (`initiator_user_id`, `target_user_id`, `status`, `requested_at`, `updated_at`) VALUES ('342', '390', 'requested', '1996-04-09 11:03:08', '2009-11-23 15:44:42');
INSERT INTO `friend_requests` (`initiator_user_id`, `target_user_id`, `status`, `requested_at`, `updated_at`) VALUES ('345', '357', 'declined', '1974-07-13 08:23:38', '2001-12-20 18:25:01');
INSERT INTO `friend_requests` (`initiator_user_id`, `target_user_id`, `status`, `requested_at`, `updated_at`) VALUES ('348', '257', 'requested', '1987-06-18 20:35:56', '1974-10-26 17:05:02');
INSERT INTO `friend_requests` (`initiator_user_id`, `target_user_id`, `status`, `requested_at`, `updated_at`) VALUES ('350', '364', 'declined', '1976-11-12 20:43:40', '2015-06-08 05:20:26');
INSERT INTO `friend_requests` (`initiator_user_id`, `target_user_id`, `status`, `requested_at`, `updated_at`) VALUES ('351', '374', 'requested', '2016-05-20 19:34:35', '2014-02-01 02:28:08');
INSERT INTO `friend_requests` (`initiator_user_id`, `target_user_id`, `status`, `requested_at`, `updated_at`) VALUES ('354', '338', 'declined', '2017-01-11 06:29:46', '1992-11-02 06:42:31');
INSERT INTO `friend_requests` (`initiator_user_id`, `target_user_id`, `status`, `requested_at`, `updated_at`) VALUES ('355', '354', 'unfriended', '1981-05-11 07:37:00', '1981-12-05 13:23:24');
INSERT INTO `friend_requests` (`initiator_user_id`, `target_user_id`, `status`, `requested_at`, `updated_at`) VALUES ('356', '338', 'unfriended', '2018-01-31 01:06:26', '1986-12-06 17:40:03');
INSERT INTO `friend_requests` (`initiator_user_id`, `target_user_id`, `status`, `requested_at`, `updated_at`) VALUES ('357', '301', 'unfriended', '1980-03-03 21:15:26', '1982-03-27 08:52:25');
INSERT INTO `friend_requests` (`initiator_user_id`, `target_user_id`, `status`, `requested_at`, `updated_at`) VALUES ('358', '317', 'requested', '1981-03-26 03:03:04', '2013-06-23 19:11:49');
INSERT INTO `friend_requests` (`initiator_user_id`, `target_user_id`, `status`, `requested_at`, `updated_at`) VALUES ('359', '341', 'unfriended', '1990-03-03 03:09:49', '1998-11-24 20:14:31');
INSERT INTO `friend_requests` (`initiator_user_id`, `target_user_id`, `status`, `requested_at`, `updated_at`) VALUES ('361', '310', 'approved', '1971-02-28 16:20:48', '2019-06-07 05:50:15');
INSERT INTO `friend_requests` (`initiator_user_id`, `target_user_id`, `status`, `requested_at`, `updated_at`) VALUES ('363', '237', 'approved', '2017-02-14 04:40:24', '2021-04-12 12:15:30');
INSERT INTO `friend_requests` (`initiator_user_id`, `target_user_id`, `status`, `requested_at`, `updated_at`) VALUES ('364', '208', 'approved', '2009-12-23 08:53:46', '1984-07-01 07:15:58');
INSERT INTO `friend_requests` (`initiator_user_id`, `target_user_id`, `status`, `requested_at`, `updated_at`) VALUES ('365', '256', 'declined', '1987-02-20 05:14:25', '2006-04-04 16:15:44');
INSERT INTO `friend_requests` (`initiator_user_id`, `target_user_id`, `status`, `requested_at`, `updated_at`) VALUES ('366', '244', 'declined', '1980-04-27 15:36:18', '1990-11-01 02:28:24');


#
# TABLE STRUCTURE FOR: photo_albums
#

INSERT INTO `photo_albums` (`id`, `name`, `user_id`) VALUES ('1', 'ipsa', '201');
INSERT INTO `photo_albums` (`id`, `name`, `user_id`) VALUES ('2', 'et', '202');
INSERT INTO `photo_albums` (`id`, `name`, `user_id`) VALUES ('3', 'at', '203');
INSERT INTO `photo_albums` (`id`, `name`, `user_id`) VALUES ('4', 'facilis', '204');
INSERT INTO `photo_albums` (`id`, `name`, `user_id`) VALUES ('5', 'repellendus', '205');
INSERT INTO `photo_albums` (`id`, `name`, `user_id`) VALUES ('6', 'ut', '206');
INSERT INTO `photo_albums` (`id`, `name`, `user_id`) VALUES ('7', 'aut', '207');
INSERT INTO `photo_albums` (`id`, `name`, `user_id`) VALUES ('8', 'et', '208');
INSERT INTO `photo_albums` (`id`, `name`, `user_id`) VALUES ('9', 'fugiat', '209');
INSERT INTO `photo_albums` (`id`, `name`, `user_id`) VALUES ('10', 'est', '210');
INSERT INTO `photo_albums` (`id`, `name`, `user_id`) VALUES ('11', 'corporis', '211');
INSERT INTO `photo_albums` (`id`, `name`, `user_id`) VALUES ('12', 'repudiandae', '212');
INSERT INTO `photo_albums` (`id`, `name`, `user_id`) VALUES ('13', 'voluptas', '213');
INSERT INTO `photo_albums` (`id`, `name`, `user_id`) VALUES ('14', 'facere', '216');
INSERT INTO `photo_albums` (`id`, `name`, `user_id`) VALUES ('15', 'quidem', '218');
INSERT INTO `photo_albums` (`id`, `name`, `user_id`) VALUES ('16', 'non', '219');
INSERT INTO `photo_albums` (`id`, `name`, `user_id`) VALUES ('17', 'iure', '220');
INSERT INTO `photo_albums` (`id`, `name`, `user_id`) VALUES ('18', 'odit', '222');
INSERT INTO `photo_albums` (`id`, `name`, `user_id`) VALUES ('19', 'sit', '224');
INSERT INTO `photo_albums` (`id`, `name`, `user_id`) VALUES ('20', 'et', '227');
INSERT INTO `photo_albums` (`id`, `name`, `user_id`) VALUES ('21', 'laudantium', '229');
INSERT INTO `photo_albums` (`id`, `name`, `user_id`) VALUES ('22', 'rerum', '233');
INSERT INTO `photo_albums` (`id`, `name`, `user_id`) VALUES ('23', 'ad', '236');
INSERT INTO `photo_albums` (`id`, `name`, `user_id`) VALUES ('24', 'velit', '237');
INSERT INTO `photo_albums` (`id`, `name`, `user_id`) VALUES ('25', 'eos', '238');
INSERT INTO `photo_albums` (`id`, `name`, `user_id`) VALUES ('26', 'laudantium', '240');
INSERT INTO `photo_albums` (`id`, `name`, `user_id`) VALUES ('27', 'quisquam', '242');
INSERT INTO `photo_albums` (`id`, `name`, `user_id`) VALUES ('28', 'et', '244');
INSERT INTO `photo_albums` (`id`, `name`, `user_id`) VALUES ('29', 'tempore', '246');
INSERT INTO `photo_albums` (`id`, `name`, `user_id`) VALUES ('30', 'et', '248');
INSERT INTO `photo_albums` (`id`, `name`, `user_id`) VALUES ('31', 'atque', '251');
INSERT INTO `photo_albums` (`id`, `name`, `user_id`) VALUES ('32', 'rem', '253');
INSERT INTO `photo_albums` (`id`, `name`, `user_id`) VALUES ('33', 'quod', '254');
INSERT INTO `photo_albums` (`id`, `name`, `user_id`) VALUES ('34', 'ratione', '256');
INSERT INTO `photo_albums` (`id`, `name`, `user_id`) VALUES ('35', 'magnam', '257');
INSERT INTO `photo_albums` (`id`, `name`, `user_id`) VALUES ('36', 'quibusdam', '258');
INSERT INTO `photo_albums` (`id`, `name`, `user_id`) VALUES ('37', 'blanditiis', '262');
INSERT INTO `photo_albums` (`id`, `name`, `user_id`) VALUES ('38', 'corrupti', '264');
INSERT INTO `photo_albums` (`id`, `name`, `user_id`) VALUES ('39', 'architecto', '268');
INSERT INTO `photo_albums` (`id`, `name`, `user_id`) VALUES ('40', 'sequi', '269');
INSERT INTO `photo_albums` (`id`, `name`, `user_id`) VALUES ('41', 'debitis', '272');
INSERT INTO `photo_albums` (`id`, `name`, `user_id`) VALUES ('42', 'necessitatibus', '276');
INSERT INTO `photo_albums` (`id`, `name`, `user_id`) VALUES ('43', 'esse', '277');
INSERT INTO `photo_albums` (`id`, `name`, `user_id`) VALUES ('44', 'et', '282');
INSERT INTO `photo_albums` (`id`, `name`, `user_id`) VALUES ('45', 'sit', '283');
INSERT INTO `photo_albums` (`id`, `name`, `user_id`) VALUES ('46', 'cupiditate', '284');
INSERT INTO `photo_albums` (`id`, `name`, `user_id`) VALUES ('47', 'fugiat', '286');
INSERT INTO `photo_albums` (`id`, `name`, `user_id`) VALUES ('48', 'sit', '287');
INSERT INTO `photo_albums` (`id`, `name`, `user_id`) VALUES ('49', 'autem', '288');
INSERT INTO `photo_albums` (`id`, `name`, `user_id`) VALUES ('50', 'sit', '290');
INSERT INTO `photo_albums` (`id`, `name`, `user_id`) VALUES ('51', 'error', '293');
INSERT INTO `photo_albums` (`id`, `name`, `user_id`) VALUES ('52', 'tempora', '294');
INSERT INTO `photo_albums` (`id`, `name`, `user_id`) VALUES ('53', 'officiis', '295');
INSERT INTO `photo_albums` (`id`, `name`, `user_id`) VALUES ('54', 'tempora', '296');
INSERT INTO `photo_albums` (`id`, `name`, `user_id`) VALUES ('55', 'dolore', '298');
INSERT INTO `photo_albums` (`id`, `name`, `user_id`) VALUES ('56', 'ea', '299');
INSERT INTO `photo_albums` (`id`, `name`, `user_id`) VALUES ('57', 'reiciendis', '300');
INSERT INTO `photo_albums` (`id`, `name`, `user_id`) VALUES ('58', 'omnis', '301');
INSERT INTO `photo_albums` (`id`, `name`, `user_id`) VALUES ('59', 'qui', '306');
INSERT INTO `photo_albums` (`id`, `name`, `user_id`) VALUES ('60', 'quia', '307');
INSERT INTO `photo_albums` (`id`, `name`, `user_id`) VALUES ('61', 'soluta', '308');
INSERT INTO `photo_albums` (`id`, `name`, `user_id`) VALUES ('62', 'cupiditate', '309');
INSERT INTO `photo_albums` (`id`, `name`, `user_id`) VALUES ('63', 'doloremque', '310');
INSERT INTO `photo_albums` (`id`, `name`, `user_id`) VALUES ('64', 'aliquam', '311');
INSERT INTO `photo_albums` (`id`, `name`, `user_id`) VALUES ('65', 'et', '312');
INSERT INTO `photo_albums` (`id`, `name`, `user_id`) VALUES ('66', 'error', '313');
INSERT INTO `photo_albums` (`id`, `name`, `user_id`) VALUES ('67', 'animi', '314');
INSERT INTO `photo_albums` (`id`, `name`, `user_id`) VALUES ('68', 'animi', '315');
INSERT INTO `photo_albums` (`id`, `name`, `user_id`) VALUES ('69', 'molestiae', '317');
INSERT INTO `photo_albums` (`id`, `name`, `user_id`) VALUES ('70', 'et', '318');
INSERT INTO `photo_albums` (`id`, `name`, `user_id`) VALUES ('71', 'quia', '321');
INSERT INTO `photo_albums` (`id`, `name`, `user_id`) VALUES ('72', 'fugit', '322');
INSERT INTO `photo_albums` (`id`, `name`, `user_id`) VALUES ('73', 'esse', '325');
INSERT INTO `photo_albums` (`id`, `name`, `user_id`) VALUES ('74', 'sapiente', '327');
INSERT INTO `photo_albums` (`id`, `name`, `user_id`) VALUES ('75', 'ut', '329');
INSERT INTO `photo_albums` (`id`, `name`, `user_id`) VALUES ('76', 'nulla', '330');
INSERT INTO `photo_albums` (`id`, `name`, `user_id`) VALUES ('77', 'exercitationem', '331');
INSERT INTO `photo_albums` (`id`, `name`, `user_id`) VALUES ('78', 'accusamus', '332');
INSERT INTO `photo_albums` (`id`, `name`, `user_id`) VALUES ('79', 'repellat', '333');
INSERT INTO `photo_albums` (`id`, `name`, `user_id`) VALUES ('80', 'enim', '336');
INSERT INTO `photo_albums` (`id`, `name`, `user_id`) VALUES ('81', 'natus', '338');
INSERT INTO `photo_albums` (`id`, `name`, `user_id`) VALUES ('82', 'ut', '339');
INSERT INTO `photo_albums` (`id`, `name`, `user_id`) VALUES ('83', 'quo', '340');
INSERT INTO `photo_albums` (`id`, `name`, `user_id`) VALUES ('84', 'vel', '341');
INSERT INTO `photo_albums` (`id`, `name`, `user_id`) VALUES ('85', 'dolor', '342');
INSERT INTO `photo_albums` (`id`, `name`, `user_id`) VALUES ('86', 'consequatur', '345');
INSERT INTO `photo_albums` (`id`, `name`, `user_id`) VALUES ('87', 'non', '348');
INSERT INTO `photo_albums` (`id`, `name`, `user_id`) VALUES ('88', 'exercitationem', '350');
INSERT INTO `photo_albums` (`id`, `name`, `user_id`) VALUES ('89', 'debitis', '351');
INSERT INTO `photo_albums` (`id`, `name`, `user_id`) VALUES ('90', 'quis', '354');
INSERT INTO `photo_albums` (`id`, `name`, `user_id`) VALUES ('91', 'qui', '355');
INSERT INTO `photo_albums` (`id`, `name`, `user_id`) VALUES ('92', 'quo', '356');
INSERT INTO `photo_albums` (`id`, `name`, `user_id`) VALUES ('93', 'dolorum', '357');
INSERT INTO `photo_albums` (`id`, `name`, `user_id`) VALUES ('94', 'dolorum', '358');
INSERT INTO `photo_albums` (`id`, `name`, `user_id`) VALUES ('95', 'inventore', '359');
INSERT INTO `photo_albums` (`id`, `name`, `user_id`) VALUES ('96', 'nulla', '361');
INSERT INTO `photo_albums` (`id`, `name`, `user_id`) VALUES ('97', 'beatae', '363');
INSERT INTO `photo_albums` (`id`, `name`, `user_id`) VALUES ('98', 'reiciendis', '364');
INSERT INTO `photo_albums` (`id`, `name`, `user_id`) VALUES ('99', 'est', '365');
INSERT INTO `photo_albums` (`id`, `name`, `user_id`) VALUES ('100', 'cumque', '366');


#
# TABLE STRUCTURE FOR: media_types
#

INSERT INTO `media_types` (`id`, `name`, `created_at`, `updated_at`) VALUES ('1', 'video', '1995-08-05 03:33:44', '2006-03-22 19:52:33');
INSERT INTO `media_types` (`id`, `name`, `created_at`, `updated_at`) VALUES ('2', 'audio', '1971-07-30 10:12:26', '2012-08-02 12:12:13');
INSERT INTO `media_types` (`id`, `name`, `created_at`, `updated_at`) VALUES ('3', 'picture', '1981-07-15 05:54:06', '1994-02-02 02:57:57');
INSERT INTO `media_types` (`id`, `name`, `created_at`, `updated_at`) VALUES ('4', 'graffiti', '2004-02-05 18:00:14', '2018-09-30 17:17:03');


#
# TABLE STRUCTURE FOR: users_communities
#

INSERT INTO `users_communities` (`user_id`, `community_id`) VALUES ('201', '1');
INSERT INTO `users_communities` (`user_id`, `community_id`) VALUES ('202', '2');
INSERT INTO `users_communities` (`user_id`, `community_id`) VALUES ('203', '3');
INSERT INTO `users_communities` (`user_id`, `community_id`) VALUES ('204', '4');
INSERT INTO `users_communities` (`user_id`, `community_id`) VALUES ('205', '5');
INSERT INTO `users_communities` (`user_id`, `community_id`) VALUES ('206', '6');
INSERT INTO `users_communities` (`user_id`, `community_id`) VALUES ('207', '7');
INSERT INTO `users_communities` (`user_id`, `community_id`) VALUES ('208', '8');
INSERT INTO `users_communities` (`user_id`, `community_id`) VALUES ('209', '9');
INSERT INTO `users_communities` (`user_id`, `community_id`) VALUES ('210', '10');
INSERT INTO `users_communities` (`user_id`, `community_id`) VALUES ('211', '11');
INSERT INTO `users_communities` (`user_id`, `community_id`) VALUES ('212', '12');
INSERT INTO `users_communities` (`user_id`, `community_id`) VALUES ('213', '13');
INSERT INTO `users_communities` (`user_id`, `community_id`) VALUES ('216', '14');
INSERT INTO `users_communities` (`user_id`, `community_id`) VALUES ('218', '15');
INSERT INTO `users_communities` (`user_id`, `community_id`) VALUES ('219', '16');
INSERT INTO `users_communities` (`user_id`, `community_id`) VALUES ('220', '17');
INSERT INTO `users_communities` (`user_id`, `community_id`) VALUES ('222', '18');
INSERT INTO `users_communities` (`user_id`, `community_id`) VALUES ('224', '19');
INSERT INTO `users_communities` (`user_id`, `community_id`) VALUES ('227', '20');
INSERT INTO `users_communities` (`user_id`, `community_id`) VALUES ('229', '21');
INSERT INTO `users_communities` (`user_id`, `community_id`) VALUES ('233', '22');
INSERT INTO `users_communities` (`user_id`, `community_id`) VALUES ('236', '23');
INSERT INTO `users_communities` (`user_id`, `community_id`) VALUES ('237', '24');
INSERT INTO `users_communities` (`user_id`, `community_id`) VALUES ('238', '25');
INSERT INTO `users_communities` (`user_id`, `community_id`) VALUES ('240', '26');
INSERT INTO `users_communities` (`user_id`, `community_id`) VALUES ('242', '27');
INSERT INTO `users_communities` (`user_id`, `community_id`) VALUES ('244', '28');
INSERT INTO `users_communities` (`user_id`, `community_id`) VALUES ('246', '29');
INSERT INTO `users_communities` (`user_id`, `community_id`) VALUES ('248', '30');
INSERT INTO `users_communities` (`user_id`, `community_id`) VALUES ('251', '31');
INSERT INTO `users_communities` (`user_id`, `community_id`) VALUES ('253', '32');
INSERT INTO `users_communities` (`user_id`, `community_id`) VALUES ('254', '33');
INSERT INTO `users_communities` (`user_id`, `community_id`) VALUES ('256', '34');
INSERT INTO `users_communities` (`user_id`, `community_id`) VALUES ('257', '35');
INSERT INTO `users_communities` (`user_id`, `community_id`) VALUES ('258', '36');
INSERT INTO `users_communities` (`user_id`, `community_id`) VALUES ('262', '37');
INSERT INTO `users_communities` (`user_id`, `community_id`) VALUES ('264', '38');
INSERT INTO `users_communities` (`user_id`, `community_id`) VALUES ('268', '39');
INSERT INTO `users_communities` (`user_id`, `community_id`) VALUES ('269', '40');
INSERT INTO `users_communities` (`user_id`, `community_id`) VALUES ('272', '41');
INSERT INTO `users_communities` (`user_id`, `community_id`) VALUES ('276', '42');
INSERT INTO `users_communities` (`user_id`, `community_id`) VALUES ('277', '43');
INSERT INTO `users_communities` (`user_id`, `community_id`) VALUES ('282', '44');
INSERT INTO `users_communities` (`user_id`, `community_id`) VALUES ('283', '45');
INSERT INTO `users_communities` (`user_id`, `community_id`) VALUES ('284', '46');
INSERT INTO `users_communities` (`user_id`, `community_id`) VALUES ('286', '47');
INSERT INTO `users_communities` (`user_id`, `community_id`) VALUES ('287', '48');
INSERT INTO `users_communities` (`user_id`, `community_id`) VALUES ('288', '49');
INSERT INTO `users_communities` (`user_id`, `community_id`) VALUES ('290', '50');
INSERT INTO `users_communities` (`user_id`, `community_id`) VALUES ('293', '51');
INSERT INTO `users_communities` (`user_id`, `community_id`) VALUES ('294', '52');
INSERT INTO `users_communities` (`user_id`, `community_id`) VALUES ('295', '53');
INSERT INTO `users_communities` (`user_id`, `community_id`) VALUES ('296', '54');
INSERT INTO `users_communities` (`user_id`, `community_id`) VALUES ('298', '55');
INSERT INTO `users_communities` (`user_id`, `community_id`) VALUES ('299', '56');
INSERT INTO `users_communities` (`user_id`, `community_id`) VALUES ('300', '57');
INSERT INTO `users_communities` (`user_id`, `community_id`) VALUES ('301', '58');
INSERT INTO `users_communities` (`user_id`, `community_id`) VALUES ('306', '59');
INSERT INTO `users_communities` (`user_id`, `community_id`) VALUES ('307', '60');
INSERT INTO `users_communities` (`user_id`, `community_id`) VALUES ('308', '61');
INSERT INTO `users_communities` (`user_id`, `community_id`) VALUES ('309', '62');
INSERT INTO `users_communities` (`user_id`, `community_id`) VALUES ('310', '63');
INSERT INTO `users_communities` (`user_id`, `community_id`) VALUES ('311', '64');
INSERT INTO `users_communities` (`user_id`, `community_id`) VALUES ('312', '65');
INSERT INTO `users_communities` (`user_id`, `community_id`) VALUES ('313', '66');
INSERT INTO `users_communities` (`user_id`, `community_id`) VALUES ('314', '67');
INSERT INTO `users_communities` (`user_id`, `community_id`) VALUES ('315', '68');
INSERT INTO `users_communities` (`user_id`, `community_id`) VALUES ('317', '69');
INSERT INTO `users_communities` (`user_id`, `community_id`) VALUES ('318', '70');
INSERT INTO `users_communities` (`user_id`, `community_id`) VALUES ('321', '71');
INSERT INTO `users_communities` (`user_id`, `community_id`) VALUES ('322', '72');
INSERT INTO `users_communities` (`user_id`, `community_id`) VALUES ('325', '73');
INSERT INTO `users_communities` (`user_id`, `community_id`) VALUES ('327', '74');
INSERT INTO `users_communities` (`user_id`, `community_id`) VALUES ('329', '75');
INSERT INTO `users_communities` (`user_id`, `community_id`) VALUES ('330', '76');
INSERT INTO `users_communities` (`user_id`, `community_id`) VALUES ('331', '77');
INSERT INTO `users_communities` (`user_id`, `community_id`) VALUES ('332', '78');
INSERT INTO `users_communities` (`user_id`, `community_id`) VALUES ('333', '79');
INSERT INTO `users_communities` (`user_id`, `community_id`) VALUES ('336', '80');
INSERT INTO `users_communities` (`user_id`, `community_id`) VALUES ('338', '81');
INSERT INTO `users_communities` (`user_id`, `community_id`) VALUES ('339', '82');
INSERT INTO `users_communities` (`user_id`, `community_id`) VALUES ('340', '83');
INSERT INTO `users_communities` (`user_id`, `community_id`) VALUES ('341', '84');
INSERT INTO `users_communities` (`user_id`, `community_id`) VALUES ('342', '85');
INSERT INTO `users_communities` (`user_id`, `community_id`) VALUES ('345', '86');
INSERT INTO `users_communities` (`user_id`, `community_id`) VALUES ('348', '87');
INSERT INTO `users_communities` (`user_id`, `community_id`) VALUES ('350', '88');
INSERT INTO `users_communities` (`user_id`, `community_id`) VALUES ('351', '89');
INSERT INTO `users_communities` (`user_id`, `community_id`) VALUES ('354', '90');
INSERT INTO `users_communities` (`user_id`, `community_id`) VALUES ('355', '91');
INSERT INTO `users_communities` (`user_id`, `community_id`) VALUES ('356', '92');
INSERT INTO `users_communities` (`user_id`, `community_id`) VALUES ('357', '93');
INSERT INTO `users_communities` (`user_id`, `community_id`) VALUES ('358', '94');
INSERT INTO `users_communities` (`user_id`, `community_id`) VALUES ('359', '95');
INSERT INTO `users_communities` (`user_id`, `community_id`) VALUES ('361', '96');
INSERT INTO `users_communities` (`user_id`, `community_id`) VALUES ('363', '97');
INSERT INTO `users_communities` (`user_id`, `community_id`) VALUES ('364', '98');
INSERT INTO `users_communities` (`user_id`, `community_id`) VALUES ('365', '99');
INSERT INTO `users_communities` (`user_id`, `community_id`) VALUES ('366', '100');


#
# TABLE STRUCTURE FOR: media
#

INSERT INTO `media` (`id`, `media_type_id`, `user_id`, `body`, `filename`, `size`, `metadata`, `created_at`, `updated_at`) VALUES ('151', '1', '201', 'In voluptas cumque optio. Suscipit expedita sed consequatur et. Modi voluptatibus minus laboriosam eos et aut.', 'non', 5404, '1', '1993-05-11 08:57:25', '2005-03-05 02:51:48');
INSERT INTO `media` (`id`, `media_type_id`, `user_id`, `body`, `filename`, `size`, `metadata`, `created_at`, `updated_at`) VALUES ('152', '2', '202', 'Dicta harum eveniet itaque est doloribus. Quam veritatis libero consequatur quis optio eligendi magnam. Ut similique officiis aperiam aliquam quis et. Esse a enim repudiandae optio qui tempora et sapiente. Consequatur enim perferendis voluptatem sint quo et.', 'ut', 9, '7', '1990-04-09 05:00:34', '2001-01-18 02:36:30');
INSERT INTO `media` (`id`, `media_type_id`, `user_id`, `body`, `filename`, `size`, `metadata`, `created_at`, `updated_at`) VALUES ('153', '3', '203', 'Ipsam modi et qui libero eligendi ut sed. Esse velit necessitatibus eaque et nihil. Veniam magni et esse suscipit.', 'et', 57714, '8', '1976-09-24 01:06:33', '1995-04-18 12:41:56');
INSERT INTO `media` (`id`, `media_type_id`, `user_id`, `body`, `filename`, `size`, `metadata`, `created_at`, `updated_at`) VALUES ('154', '4', '204', 'Incidunt provident aliquid debitis suscipit esse velit. Non quidem nostrum natus consectetur voluptates harum id. Nulla aut similique aut. Et a ipsa tempora et totam minus.', 'ea', 119496643, '6', '1996-04-07 11:51:26', '1993-07-18 00:27:03');
INSERT INTO `media` (`id`, `media_type_id`, `user_id`, `body`, `filename`, `size`, `metadata`, `created_at`, `updated_at`) VALUES ('155', '1', '205', 'Et enim illum saepe perspiciatis et minus ad necessitatibus. Facilis omnis vel id amet velit sit recusandae. Minus at laudantium odio rerum soluta aperiam et. Est ex dolores nisi.', 'sunt', 97662, '2', '1973-01-15 20:04:43', '1995-04-24 07:50:22');
INSERT INTO `media` (`id`, `media_type_id`, `user_id`, `body`, `filename`, `size`, `metadata`, `created_at`, `updated_at`) VALUES ('156', '2', '206', 'Dolor qui nihil provident quia eius quia sit repellendus. Quia quod hic cupiditate amet commodi quidem quas. Incidunt et eos id rerum.', 'nihil', 0, '1', '1979-01-14 12:45:10', '1985-10-12 09:47:50');
INSERT INTO `media` (`id`, `media_type_id`, `user_id`, `body`, `filename`, `size`, `metadata`, `created_at`, `updated_at`) VALUES ('157', '3', '207', 'Est ullam deleniti sed suscipit. Non error accusantium nemo accusamus vero in.', 'autem', 74563, '8', '1971-02-17 16:43:43', '2003-02-05 11:53:00');
INSERT INTO `media` (`id`, `media_type_id`, `user_id`, `body`, `filename`, `size`, `metadata`, `created_at`, `updated_at`) VALUES ('158', '4', '208', 'Ut et doloremque ratione eum. Quia accusantium in porro eius dolorum animi. Perferendis maxime facere optio ut doloribus magni.', 'sunt', 6077197, '6', '1982-11-06 00:50:44', '2004-01-20 14:20:43');
INSERT INTO `media` (`id`, `media_type_id`, `user_id`, `body`, `filename`, `size`, `metadata`, `created_at`, `updated_at`) VALUES ('159', '2', '210', 'Quo est necessitatibus sed error id. Aliquid sapiente odio libero non architecto qui. Molestiae officiis omnis sequi cum magnam.', 'dolorum', 871869327, '5', '1998-11-04 22:05:21', '1997-11-22 15:20:54');
INSERT INTO `media` (`id`, `media_type_id`, `user_id`, `body`, `filename`, `size`, `metadata`, `created_at`, `updated_at`) VALUES ('160', '3', '211', 'Aut voluptate et autem consectetur. Ut delectus natus deleniti repudiandae repellendus non rerum. Et recusandae qui facilis blanditiis dolor illo iusto.', 'dolorum', 8658949, '3', '1989-05-19 16:19:43', '1988-10-23 12:40:17');
INSERT INTO `media` (`id`, `media_type_id`, `user_id`, `body`, `filename`, `size`, `metadata`, `created_at`, `updated_at`) VALUES ('161', '4', '212', 'Praesentium voluptates similique rem non. Dolores ullam iure quidem sequi ut facere. Optio aut nisi voluptatem pariatur est. Molestiae et illo consectetur.', 'tempora', 65794763, '8', '1995-05-12 13:57:21', '2017-03-05 14:10:41');
INSERT INTO `media` (`id`, `media_type_id`, `user_id`, `body`, `filename`, `size`, `metadata`, `created_at`, `updated_at`) VALUES ('162', '1', '213', 'Nisi sunt consequatur eaque quod dolorem. Qui sequi voluptatem et. Et hic impedit molestiae ex alias voluptatem. Ab quae exercitationem nulla cupiditate sint et in.', 'fugit', 0, '4', '2006-12-07 05:47:03', '1971-12-08 08:27:23');
INSERT INTO `media` (`id`, `media_type_id`, `user_id`, `body`, `filename`, `size`, `metadata`, `created_at`, `updated_at`) VALUES ('163', '2', '216', 'Aut magnam qui sed sit minus necessitatibus. Libero numquam qui et et non qui accusantium. Quibusdam fugit et architecto dolore. Amet vel praesentium incidunt qui autem aut porro. Tempora consectetur in occaecati totam doloribus totam aliquam.', 'ut', 14421, '7', '2019-03-06 21:39:59', '1981-11-27 10:25:57');
INSERT INTO `media` (`id`, `media_type_id`, `user_id`, `body`, `filename`, `size`, `metadata`, `created_at`, `updated_at`) VALUES ('164', '3', '218', 'Voluptatum sunt reiciendis corporis nihil voluptatibus voluptatem error molestiae. Maxime incidunt veniam ut aut blanditiis. Repellat aut voluptatibus nobis modi sapiente.', 'amet', 4, '6', '1990-09-15 21:13:22', '2011-08-20 00:27:23');
INSERT INTO `media` (`id`, `media_type_id`, `user_id`, `body`, `filename`, `size`, `metadata`, `created_at`, `updated_at`) VALUES ('165', '4', '219', 'Placeat unde est earum aut sequi voluptatem est. Officia sint ea vel autem. Architecto voluptatem voluptatum laborum eum. Qui iusto delectus consequatur libero dicta eius.', 'nesciunt', 586843, '1', '1978-06-06 19:54:08', '1979-08-06 23:20:00');
INSERT INTO `media` (`id`, `media_type_id`, `user_id`, `body`, `filename`, `size`, `metadata`, `created_at`, `updated_at`) VALUES ('166', '2', '222', 'Reprehenderit incidunt qui facere voluptas. Est quidem nam dolor. Nostrum sint ratione explicabo totam placeat odio porro.', 'laborum', 96018, '4', '2014-10-15 02:02:18', '1974-07-29 23:47:14');
INSERT INTO `media` (`id`, `media_type_id`, `user_id`, `body`, `filename`, `size`, `metadata`, `created_at`, `updated_at`) VALUES ('167', '3', '224', 'Reprehenderit voluptatum id beatae itaque culpa. Et omnis cumque voluptatem et est. Sed recusandae animi rerum repudiandae. Eaque nobis fuga consequatur voluptatem beatae quo non.', 'et', 325432365, '9', '1972-09-28 13:45:03', '1995-11-17 01:55:41');
INSERT INTO `media` (`id`, `media_type_id`, `user_id`, `body`, `filename`, `size`, `metadata`, `created_at`, `updated_at`) VALUES ('168', '4', '227', 'Eum nulla dolor sunt molestias ut temporibus ut. Voluptas dolorem est molestias deserunt laboriosam sint molestiae. Ipsa maiores commodi exercitationem nesciunt inventore. Ut quidem quis eos aperiam aut iure odit. Possimus qui quia dolores ut.', 'fugit', 488480, '8', '1978-06-18 09:28:49', '2002-06-04 02:53:32');
INSERT INTO `media` (`id`, `media_type_id`, `user_id`, `body`, `filename`, `size`, `metadata`, `created_at`, `updated_at`) VALUES ('169', '1', '229', 'Vel pariatur est ullam praesentium ut officiis et. Aut voluptas dolores deserunt nemo. Rerum aut esse omnis vel qui. Id dolorem est repellat.', 'qui', 392, '2', '1993-04-25 15:18:54', '2002-11-07 06:23:47');
INSERT INTO `media` (`id`, `media_type_id`, `user_id`, `body`, `filename`, `size`, `metadata`, `created_at`, `updated_at`) VALUES ('170', '2', '233', 'Aut ut ut consequatur alias praesentium doloremque dolores. Natus similique ut illo qui mollitia eos occaecati.', 'reprehenderit', 643718, '7', '2005-07-20 01:48:25', '2019-02-25 00:14:59');
INSERT INTO `media` (`id`, `media_type_id`, `user_id`, `body`, `filename`, `size`, `metadata`, `created_at`, `updated_at`) VALUES ('171', '3', '236', 'Iusto est nemo quia dolor. Quasi mollitia at ipsum. Est vel quisquam accusantium in possimus magnam. Est error aperiam sit est nobis.', 'nihil', 64835201, '9', '2003-08-21 09:18:54', '2014-10-27 02:56:39');
INSERT INTO `media` (`id`, `media_type_id`, `user_id`, `body`, `filename`, `size`, `metadata`, `created_at`, `updated_at`) VALUES ('172', '4', '237', 'Facere dolore expedita suscipit fugiat ad. Alias quaerat rerum sed ab voluptatem veniam accusamus. Qui consequuntur temporibus eius veniam qui est eveniet. Voluptas sunt sint corporis necessitatibus dolores cum non.', 'facere', 9361, '6', '2013-01-02 05:16:52', '2009-01-20 23:35:08');
INSERT INTO `media` (`id`, `media_type_id`, `user_id`, `body`, `filename`, `size`, `metadata`, `created_at`, `updated_at`) VALUES ('173', '1', '238', 'Et minima sed et ut. Reiciendis corrupti molestiae facilis sed. Est quasi est repellat. Omnis ut culpa et quod.', 'numquam', 19849989, '5', '2007-10-22 13:05:38', '1999-09-16 22:41:50');
INSERT INTO `media` (`id`, `media_type_id`, `user_id`, `body`, `filename`, `size`, `metadata`, `created_at`, `updated_at`) VALUES ('174', '2', '240', 'Eveniet maxime minima voluptas enim quis ullam nesciunt. Aut possimus sit a explicabo. Ut sunt culpa itaque.', 'optio', 93, '4', '1980-06-29 10:48:48', '1984-06-25 05:07:05');
INSERT INTO `media` (`id`, `media_type_id`, `user_id`, `body`, `filename`, `size`, `metadata`, `created_at`, `updated_at`) VALUES ('175', '3', '242', 'Quidem fugit vel ut voluptatem magnam. Dolorum quisquam placeat numquam quibusdam exercitationem. Maiores excepturi harum sit ea perspiciatis. Laudantium et ratione et inventore.', 'vel', 3200847, '9', '1991-01-13 01:27:17', '2011-06-05 14:34:36');
INSERT INTO `media` (`id`, `media_type_id`, `user_id`, `body`, `filename`, `size`, `metadata`, `created_at`, `updated_at`) VALUES ('176', '4', '244', 'Eligendi nulla quod sit delectus. Exercitationem dolores eum deleniti esse rem est vel qui. Modi officiis et dolores voluptatem tempora.', 'eos', 0, '9', '1974-09-27 00:43:28', '2012-01-16 01:34:50');
INSERT INTO `media` (`id`, `media_type_id`, `user_id`, `body`, `filename`, `size`, `metadata`, `created_at`, `updated_at`) VALUES ('177', '1', '246', 'Fugiat itaque ut temporibus ratione inventore assumenda totam. Sunt non corrupti vero eum animi facilis. Iure exercitationem dolorum nemo voluptas ut sequi.', 'omnis', 642, '8', '1991-10-20 20:24:27', '1995-11-24 16:33:23');
INSERT INTO `media` (`id`, `media_type_id`, `user_id`, `body`, `filename`, `size`, `metadata`, `created_at`, `updated_at`) VALUES ('178', '3', '251', 'Ad aut vel delectus. Consequatur recusandae similique beatae rerum. Quia facilis quia et ut autem ullam eaque. Dignissimos perspiciatis consequatur rerum exercitationem.', 'eius', 4123, '5', '1983-10-27 20:09:13', '1995-11-23 02:26:13');
INSERT INTO `media` (`id`, `media_type_id`, `user_id`, `body`, `filename`, `size`, `metadata`, `created_at`, `updated_at`) VALUES ('179', '1', '254', 'Sint libero recusandae mollitia velit quidem hic. Dicta at aspernatur esse est. Sit porro delectus mollitia dolore in aut esse. Dolorum eius ipsa ut itaque sint.', 'blanditiis', 12438642, '4', '2013-08-31 23:07:32', '2013-10-17 12:10:33');
INSERT INTO `media` (`id`, `media_type_id`, `user_id`, `body`, `filename`, `size`, `metadata`, `created_at`, `updated_at`) VALUES ('180', '2', '256', 'Nulla nam omnis blanditiis modi eius sed veritatis. Ut ex harum quae maiores. Ipsum sed omnis esse repudiandae autem suscipit ab.', 'voluptatibus', 9, '2', '1975-02-16 22:57:43', '1998-01-17 09:37:24');
INSERT INTO `media` (`id`, `media_type_id`, `user_id`, `body`, `filename`, `size`, `metadata`, `created_at`, `updated_at`) VALUES ('181', '3', '257', 'Debitis eos qui placeat. Inventore sunt minima numquam voluptatibus et. Consequatur sequi fugit adipisci non quisquam. Eveniet veritatis illo sunt eligendi quidem.', 'ad', 56671500, '8', '1992-01-08 01:06:49', '2001-06-16 09:32:54');
INSERT INTO `media` (`id`, `media_type_id`, `user_id`, `body`, `filename`, `size`, `metadata`, `created_at`, `updated_at`) VALUES ('182', '1', '262', 'Repellat eum odio laboriosam odit nihil excepturi voluptates labore. Non aut ex et et voluptatem. Eaque omnis aut assumenda.', 'consequatur', 4, '6', '1996-10-17 06:54:45', '2010-08-01 12:31:32');
INSERT INTO `media` (`id`, `media_type_id`, `user_id`, `body`, `filename`, `size`, `metadata`, `created_at`, `updated_at`) VALUES ('183', '2', '264', 'Incidunt corrupti laboriosam fugiat iusto rerum qui quis. Officiis quaerat sit magni eum rerum. Exercitationem et fuga est facilis impedit qui sed.', 'excepturi', 9006, '8', '1990-05-28 14:05:43', '1981-03-28 18:32:48');
INSERT INTO `media` (`id`, `media_type_id`, `user_id`, `body`, `filename`, `size`, `metadata`, `created_at`, `updated_at`) VALUES ('184', '3', '268', 'Deserunt ipsa fugiat at aut iste quo dolore. Accusantium quia debitis corporis sunt dicta unde et quaerat. Nihil est nam eius ut dicta consequatur molestiae maiores.', 'ea', 5750584, '7', '2002-01-10 05:49:39', '2019-07-31 16:55:06');
INSERT INTO `media` (`id`, `media_type_id`, `user_id`, `body`, `filename`, `size`, `metadata`, `created_at`, `updated_at`) VALUES ('185', '4', '269', 'Necessitatibus voluptatibus ex odit ut repellendus numquam incidunt. Omnis voluptatem quasi qui rerum praesentium enim. Accusamus omnis eos fuga eum provident architecto autem. Est magnam suscipit inventore vitae.', 'laboriosam', 4321, '1', '1987-04-15 11:56:05', '2002-02-03 11:23:04');
INSERT INTO `media` (`id`, `media_type_id`, `user_id`, `body`, `filename`, `size`, `metadata`, `created_at`, `updated_at`) VALUES ('186', '1', '272', 'Explicabo porro aut eos ut neque praesentium. Omnis iure ipsam perspiciatis est quidem deserunt. Aut sit et ab nulla eos quod. Tempore officiis iusto reprehenderit veniam qui repellat qui.', 'ad', 5, '2', '2014-05-15 20:32:47', '1990-07-26 22:18:36');
INSERT INTO `media` (`id`, `media_type_id`, `user_id`, `body`, `filename`, `size`, `metadata`, `created_at`, `updated_at`) VALUES ('187', '2', '276', 'Ut voluptates rerum perferendis itaque alias unde iste. Omnis consequuntur et sed cum et. Fugit qui exercitationem eveniet adipisci dignissimos qui maxime.', 'est', 17740763, '5', '1979-09-17 12:44:25', '2004-06-01 14:01:45');
INSERT INTO `media` (`id`, `media_type_id`, `user_id`, `body`, `filename`, `size`, `metadata`, `created_at`, `updated_at`) VALUES ('188', '3', '277', 'Ad dolor ut minima mollitia at. Illum labore et cum molestiae. Fugiat facere sequi omnis libero quo minus omnis.', 'enim', 714169292, '2', '2008-07-14 08:05:49', '2018-09-20 23:14:00');
INSERT INTO `media` (`id`, `media_type_id`, `user_id`, `body`, `filename`, `size`, `metadata`, `created_at`, `updated_at`) VALUES ('189', '4', '282', 'Et sapiente repellendus omnis non cum provident facilis quo. Eligendi sequi quam porro maiores earum maxime. Cum qui eos et officia voluptatum et. Laudantium saepe deleniti voluptatem laboriosam quae itaque dignissimos. Libero dolore sunt ipsum totam quibusdam quis non.', 'hic', 237692, '2', '1990-02-11 16:34:20', '1972-03-20 20:21:09');
INSERT INTO `media` (`id`, `media_type_id`, `user_id`, `body`, `filename`, `size`, `metadata`, `created_at`, `updated_at`) VALUES ('190', '1', '283', 'Rem consequatur ducimus facere tempora tenetur omnis dolor cumque. Ipsum sunt excepturi sapiente iure incidunt porro nemo.', 'possimus', 28103, '7', '1984-10-08 20:44:53', '1993-06-06 10:21:56');
INSERT INTO `media` (`id`, `media_type_id`, `user_id`, `body`, `filename`, `size`, `metadata`, `created_at`, `updated_at`) VALUES ('191', '2', '284', 'Enim commodi labore totam neque pariatur ad ipsam. Dolore sit ea est maxime sequi voluptatibus aliquam. Ipsa architecto nobis qui atque qui nostrum iusto.', 'maiores', 91, '4', '2002-11-24 12:32:21', '2010-10-31 15:26:47');
INSERT INTO `media` (`id`, `media_type_id`, `user_id`, `body`, `filename`, `size`, `metadata`, `created_at`, `updated_at`) VALUES ('192', '3', '286', 'A et necessitatibus aut ipsum. Tempore perspiciatis dignissimos dolorem odit corporis ducimus voluptas. Non sapiente nostrum aliquid distinctio.', 'facere', 977892, '3', '1981-09-14 19:51:12', '1994-06-19 11:46:41');
INSERT INTO `media` (`id`, `media_type_id`, `user_id`, `body`, `filename`, `size`, `metadata`, `created_at`, `updated_at`) VALUES ('193', '4', '287', 'Omnis sit explicabo corrupti eos ab minima. Exercitationem qui ducimus id optio dolorum omnis voluptatem.', 'aut', 636226203, '9', '1980-10-08 16:37:28', '2020-03-02 00:12:04');
INSERT INTO `media` (`id`, `media_type_id`, `user_id`, `body`, `filename`, `size`, `metadata`, `created_at`, `updated_at`) VALUES ('194', '1', '288', 'Ratione mollitia itaque quaerat reiciendis saepe ducimus id. Quaerat doloribus voluptatem omnis hic ea velit unde. Unde reprehenderit excepturi voluptate eaque. Voluptas praesentium voluptatum ipsam earum nisi aut.', 'aut', 5449725, '5', '2012-12-08 10:06:04', '1992-11-18 10:55:16');
INSERT INTO `media` (`id`, `media_type_id`, `user_id`, `body`, `filename`, `size`, `metadata`, `created_at`, `updated_at`) VALUES ('195', '2', '290', 'Eos enim aspernatur a voluptatem. Minus est est sunt doloribus. Omnis consectetur labore voluptas quisquam accusamus hic quaerat. Rerum dolorem consequatur voluptas ipsum explicabo quia voluptatem. Ipsam voluptatum rem odio aut.', 'perferendis', 604, '5', '1973-06-14 17:53:40', '1976-04-28 04:44:09');
INSERT INTO `media` (`id`, `media_type_id`, `user_id`, `body`, `filename`, `size`, `metadata`, `created_at`, `updated_at`) VALUES ('196', '3', '293', 'Ut qui nobis eos sed numquam. Et delectus numquam fugiat omnis cupiditate molestiae.', 'saepe', 27438865, '5', '1995-08-09 09:18:10', '1984-10-07 11:25:04');
INSERT INTO `media` (`id`, `media_type_id`, `user_id`, `body`, `filename`, `size`, `metadata`, `created_at`, `updated_at`) VALUES ('197', '4', '294', 'Provident vel harum aut praesentium pariatur id. Aspernatur a non aperiam. Esse aliquid possimus dolorum numquam quia eveniet aut illum. Doloremque quos dolor est. Ullam nemo sed quasi nisi rem.', 'laudantium', 80135794, '8', '2004-04-20 05:57:48', '1997-03-28 16:59:54');
INSERT INTO `media` (`id`, `media_type_id`, `user_id`, `body`, `filename`, `size`, `metadata`, `created_at`, `updated_at`) VALUES ('198', '1', '295', 'Eligendi dolorum necessitatibus earum. Deserunt sed magni ut doloremque odit. Tempore inventore et qui praesentium. Eum amet sed vel.', 'minus', 67214845, '1', '1994-12-06 23:38:51', '1971-05-17 00:15:30');
INSERT INTO `media` (`id`, `media_type_id`, `user_id`, `body`, `filename`, `size`, `metadata`, `created_at`, `updated_at`) VALUES ('199', '2', '296', 'Quia quia consequatur quod incidunt culpa nesciunt error. Nobis perspiciatis ab tenetur rerum quas nostrum repudiandae. Dolores est voluptatem corporis voluptates molestiae ipsum veniam.', 'magnam', 6, '9', '2020-10-23 05:29:17', '1981-10-19 14:05:51');
INSERT INTO `media` (`id`, `media_type_id`, `user_id`, `body`, `filename`, `size`, `metadata`, `created_at`, `updated_at`) VALUES ('200', '3', '298', 'Dolore quos exercitationem ut. Voluptatum est sint perspiciatis nobis sit quam. Illum et quia qui omnis sed. Ut veniam fugiat natus dolores.', 'sunt', 0, '4', '2002-10-07 20:22:57', '1986-02-01 02:21:13');
INSERT INTO `media` (`id`, `media_type_id`, `user_id`, `body`, `filename`, `size`, `metadata`, `created_at`, `updated_at`) VALUES ('201', '4', '299', 'Excepturi dolor dolor perspiciatis error. Molestiae debitis saepe totam. Fugit repellat quibusdam commodi voluptatum.', 'laborum', 26, '5', '1992-12-19 13:31:47', '2011-06-02 22:23:03');
INSERT INTO `media` (`id`, `media_type_id`, `user_id`, `body`, `filename`, `size`, `metadata`, `created_at`, `updated_at`) VALUES ('202', '1', '300', 'Nisi praesentium quo et inventore vel aut enim aliquid. Minima nulla aperiam qui voluptates sapiente consequatur laudantium. Quibusdam et voluptas et ut.', 'ut', 0, '2', '1984-06-20 12:21:04', '1996-10-30 04:52:27');
INSERT INTO `media` (`id`, `media_type_id`, `user_id`, `body`, `filename`, `size`, `metadata`, `created_at`, `updated_at`) VALUES ('203', '2', '301', 'Et sunt voluptate asperiores qui est dolores est atque. Illum repudiandae aut tempore officiis unde id expedita. Occaecati consequuntur qui minima possimus. Libero inventore sit ut error voluptatem.', 'dolores', 6, '9', '1984-01-17 08:43:51', '1987-06-01 12:31:27');
INSERT INTO `media` (`id`, `media_type_id`, `user_id`, `body`, `filename`, `size`, `metadata`, `created_at`, `updated_at`) VALUES ('204', '3', '306', 'Dolores aut similique quod dolorum quo dolores possimus. Qui sit repellat omnis sunt voluptatem quibusdam. Quasi tenetur alias eius natus natus. Animi doloremque ipsam est voluptas cum quae et.', 'corrupti', 74569259, '2', '1970-04-20 05:44:43', '2021-03-04 15:07:05');
INSERT INTO `media` (`id`, `media_type_id`, `user_id`, `body`, `filename`, `size`, `metadata`, `created_at`, `updated_at`) VALUES ('205', '1', '308', 'Cumque et alias qui cupiditate quisquam sed. Libero aliquam numquam assumenda non esse ad accusamus. Qui corrupti voluptatum recusandae quo. Nam aut vitae ducimus magni dolor eaque error. Necessitatibus autem quo non ad.', 'velit', 8, '8', '1990-02-14 21:52:27', '1988-07-19 12:10:07');
INSERT INTO `media` (`id`, `media_type_id`, `user_id`, `body`, `filename`, `size`, `metadata`, `created_at`, `updated_at`) VALUES ('206', '3', '310', 'Ea suscipit et tempora cumque alias quia laborum. Et et commodi aliquid aspernatur.', 'eveniet', 918379, '9', '2002-12-23 15:50:16', '1998-07-06 07:38:26');
INSERT INTO `media` (`id`, `media_type_id`, `user_id`, `body`, `filename`, `size`, `metadata`, `created_at`, `updated_at`) VALUES ('207', '1', '312', 'Earum a aut sunt veritatis voluptatum quasi. Optio fuga cumque sint praesentium ipsam omnis. Autem ipsam quam consectetur suscipit odit error molestiae. Quos itaque in qui nesciunt. Eius cupiditate expedita eaque perspiciatis quis accusamus iure.', 'eos', 0, '3', '2010-08-05 05:53:34', '1981-05-09 18:58:33');
INSERT INTO `media` (`id`, `media_type_id`, `user_id`, `body`, `filename`, `size`, `metadata`, `created_at`, `updated_at`) VALUES ('208', '2', '313', 'Alias veritatis est at quisquam. Voluptas id necessitatibus et ut ea odio rerum eaque. Natus ex excepturi et error modi quia.', 'corrupti', 61, '1', '1975-03-26 14:49:07', '1990-03-10 00:11:36');
INSERT INTO `media` (`id`, `media_type_id`, `user_id`, `body`, `filename`, `size`, `metadata`, `created_at`, `updated_at`) VALUES ('209', '3', '314', 'Modi officia recusandae alias perferendis eum dicta. Sunt ut blanditiis explicabo qui. Non quia qui placeat quis et aut molestiae aut. Ipsa eum veniam sit autem cupiditate et quo ullam.', 'asperiores', 0, '7', '2005-09-29 15:30:12', '1972-12-29 14:02:58');
INSERT INTO `media` (`id`, `media_type_id`, `user_id`, `body`, `filename`, `size`, `metadata`, `created_at`, `updated_at`) VALUES ('210', '4', '315', 'Consequatur perferendis impedit quia assumenda ea. Quidem fugit est doloremque. Recusandae hic at blanditiis fuga alias.', 'corporis', 612, '4', '2012-11-17 18:05:44', '1999-06-04 20:43:26');
INSERT INTO `media` (`id`, `media_type_id`, `user_id`, `body`, `filename`, `size`, `metadata`, `created_at`, `updated_at`) VALUES ('211', '1', '317', 'Beatae perspiciatis temporibus libero iure. Ipsam id quos dolor numquam ut. Corporis architecto consequuntur reprehenderit velit facere vero omnis aspernatur.', 'repellat', 937635221, '6', '1986-05-11 09:48:20', '1990-11-09 03:19:48');
INSERT INTO `media` (`id`, `media_type_id`, `user_id`, `body`, `filename`, `size`, `metadata`, `created_at`, `updated_at`) VALUES ('212', '2', '318', 'Dolores laudantium rerum nemo in omnis. Alias accusamus consectetur velit officiis ipsam quod. Ullam nulla qui est cumque non accusamus.', 'et', 636469, '2', '2012-06-05 01:35:46', '1975-01-13 21:17:18');
INSERT INTO `media` (`id`, `media_type_id`, `user_id`, `body`, `filename`, `size`, `metadata`, `created_at`, `updated_at`) VALUES ('213', '3', '321', 'Ut harum maiores non amet fugit. Esse et et in voluptatem voluptas. Eos ipsum beatae sint ut.', 'quo', 290336, '1', '2011-01-10 23:35:27', '2010-03-01 17:03:51');
INSERT INTO `media` (`id`, `media_type_id`, `user_id`, `body`, `filename`, `size`, `metadata`, `created_at`, `updated_at`) VALUES ('214', '1', '325', 'Nesciunt necessitatibus dolor molestiae nobis quam natus. Eveniet maxime qui assumenda alias.', 'corporis', 0, '7', '2014-03-07 03:25:46', '1994-02-06 19:42:59');
INSERT INTO `media` (`id`, `media_type_id`, `user_id`, `body`, `filename`, `size`, `metadata`, `created_at`, `updated_at`) VALUES ('215', '2', '327', 'Perferendis et vel vero nihil. Ducimus alias odio minima ipsam veritatis. Modi eos et alias.', 'magni', 0, '9', '2012-02-12 20:59:27', '2005-12-14 03:40:30');
INSERT INTO `media` (`id`, `media_type_id`, `user_id`, `body`, `filename`, `size`, `metadata`, `created_at`, `updated_at`) VALUES ('216', '3', '329', 'Tempore in eius nihil id doloremque sint qui. Neque tempore et corporis perferendis soluta. Qui laborum ut commodi. Est dolor doloribus amet adipisci delectus voluptas velit fuga.', 'sapiente', 718, '8', '1973-12-19 19:17:27', '2016-05-22 20:14:58');
INSERT INTO `media` (`id`, `media_type_id`, `user_id`, `body`, `filename`, `size`, `metadata`, `created_at`, `updated_at`) VALUES ('217', '1', '331', 'Error nisi laudantium delectus distinctio et in soluta. Nihil voluptatem ut quia enim delectus. Fugit eveniet est consequatur facere quod libero accusantium doloremque.', 'dolor', 7, '7', '1979-07-14 23:15:21', '2006-03-11 08:17:53');
INSERT INTO `media` (`id`, `media_type_id`, `user_id`, `body`, `filename`, `size`, `metadata`, `created_at`, `updated_at`) VALUES ('218', '2', '332', 'Architecto aut laudantium doloremque eligendi id consequatur. Deserunt nisi suscipit aspernatur enim. Facilis qui autem eum non repellendus.', 'similique', 5, '3', '1985-06-23 06:02:46', '1979-09-05 11:59:46');
INSERT INTO `media` (`id`, `media_type_id`, `user_id`, `body`, `filename`, `size`, `metadata`, `created_at`, `updated_at`) VALUES ('219', '3', '333', 'Autem ut enim nihil ex. Voluptatem qui molestias voluptas qui non. Ab placeat unde saepe sit est placeat perspiciatis rerum.', 'sint', 963837, '6', '1971-02-13 04:36:55', '1981-07-05 03:40:43');
INSERT INTO `media` (`id`, `media_type_id`, `user_id`, `body`, `filename`, `size`, `metadata`, `created_at`, `updated_at`) VALUES ('220', '4', '336', 'Placeat in ex quis repudiandae. Quis quia expedita autem ut aut. Aut provident id in incidunt ullam.', 'laborum', 47, '4', '2002-10-10 03:24:31', '2017-11-28 11:22:27');
INSERT INTO `media` (`id`, `media_type_id`, `user_id`, `body`, `filename`, `size`, `metadata`, `created_at`, `updated_at`) VALUES ('221', '1', '338', 'Veniam maxime nam modi ab ad. Nostrum sed architecto est quasi. Est quod eaque quia corrupti voluptatem.', 'aut', 94, '5', '1987-10-06 10:37:21', '1985-03-11 04:25:12');
INSERT INTO `media` (`id`, `media_type_id`, `user_id`, `body`, `filename`, `size`, `metadata`, `created_at`, `updated_at`) VALUES ('222', '2', '339', 'Voluptatem magnam est placeat omnis et et aut. Molestiae perferendis explicabo enim veritatis excepturi sequi.', 'voluptas', 90, '8', '2012-12-07 02:09:23', '1979-06-17 09:45:07');
INSERT INTO `media` (`id`, `media_type_id`, `user_id`, `body`, `filename`, `size`, `metadata`, `created_at`, `updated_at`) VALUES ('223', '3', '340', 'Voluptate sed nisi et omnis et. Nihil voluptatum repellat aliquam assumenda eum aut. Similique commodi nobis facilis dolore. Enim est id dicta quod.', 'occaecati', 9, '1', '2007-08-23 01:44:34', '1999-02-27 00:51:41');
INSERT INTO `media` (`id`, `media_type_id`, `user_id`, `body`, `filename`, `size`, `metadata`, `created_at`, `updated_at`) VALUES ('224', '4', '341', 'Fugiat adipisci architecto dolor enim dignissimos tempore voluptate. Est aut reiciendis consectetur nam aut ut quia.', 'dicta', 400406, '9', '2021-01-08 13:30:18', '2018-02-20 09:38:53');
INSERT INTO `media` (`id`, `media_type_id`, `user_id`, `body`, `filename`, `size`, `metadata`, `created_at`, `updated_at`) VALUES ('225', '1', '342', 'Dolorem sit laudantium ullam dicta velit facilis praesentium. Adipisci cumque cumque et nobis est aperiam debitis. Temporibus minus ut ducimus sapiente. Error ut ut eius non pariatur omnis vel unde. Qui necessitatibus illo exercitationem.', 'molestiae', 106680571, '7', '2020-02-16 16:57:49', '2014-02-11 09:00:58');
INSERT INTO `media` (`id`, `media_type_id`, `user_id`, `body`, `filename`, `size`, `metadata`, `created_at`, `updated_at`) VALUES ('226', '2', '345', 'Quisquam id officia enim voluptate. Est officiis iste in tenetur nihil culpa vero. Voluptates tempore consequatur aliquid et nesciunt.', 'eaque', 63451, '5', '1995-10-04 00:36:58', '1988-03-29 18:33:46');
INSERT INTO `media` (`id`, `media_type_id`, `user_id`, `body`, `filename`, `size`, `metadata`, `created_at`, `updated_at`) VALUES ('227', '3', '348', 'Adipisci in ducimus maiores. Similique ullam omnis ipsa ea sequi est sit aut.', 'non', 0, '6', '1995-10-09 05:02:12', '1988-04-22 23:00:18');
INSERT INTO `media` (`id`, `media_type_id`, `user_id`, `body`, `filename`, `size`, `metadata`, `created_at`, `updated_at`) VALUES ('228', '4', '350', 'Deserunt repellat soluta corrupti neque. Sit blanditiis rem nulla hic totam autem rerum blanditiis. Deleniti ut officiis debitis doloremque non.', 'inventore', 4, '2', '1981-06-11 04:21:07', '1989-01-06 03:12:49');
INSERT INTO `media` (`id`, `media_type_id`, `user_id`, `body`, `filename`, `size`, `metadata`, `created_at`, `updated_at`) VALUES ('229', '1', '351', 'Eaque mollitia dolorum qui ipsam. Veritatis earum reprehenderit voluptatibus soluta temporibus qui temporibus. Optio vitae aut suscipit et blanditiis et.', 'modi', 34048, '7', '2015-06-20 02:57:20', '1980-09-12 04:06:34');
INSERT INTO `media` (`id`, `media_type_id`, `user_id`, `body`, `filename`, `size`, `metadata`, `created_at`, `updated_at`) VALUES ('230', '2', '354', 'Laboriosam omnis aut officia. Voluptas architecto libero mollitia. Labore laborum iure qui quisquam.', 'vitae', 6325, '7', '1973-02-14 07:11:59', '1990-01-31 05:10:07');
INSERT INTO `media` (`id`, `media_type_id`, `user_id`, `body`, `filename`, `size`, `metadata`, `created_at`, `updated_at`) VALUES ('231', '3', '355', 'Repellendus veritatis voluptatem in neque. Iure nisi sit aut temporibus dolores aspernatur. Vero eaque ducimus earum cum libero. Illo quam tenetur molestiae consequatur.', 'voluptates', 8662385, '2', '2005-09-15 04:18:29', '2019-11-16 09:50:33');
INSERT INTO `media` (`id`, `media_type_id`, `user_id`, `body`, `filename`, `size`, `metadata`, `created_at`, `updated_at`) VALUES ('232', '4', '356', 'Omnis tempora quia expedita animi est repellendus et qui. Voluptatem et occaecati perferendis quia et. Possimus sit porro ea. Et et reiciendis repellat similique quas sit.', 'architecto', 28, '4', '2014-09-08 06:44:22', '1976-09-18 14:28:27');
INSERT INTO `media` (`id`, `media_type_id`, `user_id`, `body`, `filename`, `size`, `metadata`, `created_at`, `updated_at`) VALUES ('233', '1', '357', 'Architecto autem voluptatum odit et porro ipsum temporibus. Ut nemo ut est porro et similique enim. Impedit recusandae illum nisi harum id.', 'reiciendis', 36467629, '1', '2015-03-17 16:07:21', '2008-02-03 10:13:32');
INSERT INTO `media` (`id`, `media_type_id`, `user_id`, `body`, `filename`, `size`, `metadata`, `created_at`, `updated_at`) VALUES ('234', '2', '358', 'Similique neque vel blanditiis est possimus nihil tenetur. Ea rerum sed eum sit est ducimus a. Et voluptatem iure voluptates. A impedit velit cupiditate accusantium non eligendi accusantium.', 'rem', 60, '3', '2004-10-14 05:43:32', '2003-08-22 17:40:58');
INSERT INTO `media` (`id`, `media_type_id`, `user_id`, `body`, `filename`, `size`, `metadata`, `created_at`, `updated_at`) VALUES ('235', '3', '359', 'Non iste odio reiciendis non. Ut id temporibus aliquam. Tenetur id a expedita.', 'aut', 746132010, '3', '1988-04-22 07:24:13', '1971-09-21 03:04:46');
INSERT INTO `media` (`id`, `media_type_id`, `user_id`, `body`, `filename`, `size`, `metadata`, `created_at`, `updated_at`) VALUES ('236', '1', '363', 'Quisquam consectetur quo fuga et totam in voluptatibus. In fugit laboriosam consequatur recusandae voluptatibus eveniet. Commodi eos sunt quibusdam.', 'quis', 0, '7', '2000-03-29 04:57:10', '1970-06-22 16:53:54');
INSERT INTO `media` (`id`, `media_type_id`, `user_id`, `body`, `filename`, `size`, `metadata`, `created_at`, `updated_at`) VALUES ('237', '2', '364', 'Praesentium inventore facere harum. Illum a enim est nihil repellat minus. Repudiandae numquam doloremque nam doloremque sit at.', 'occaecati', 276902858, '4', '1975-12-09 03:17:09', '2006-08-22 08:13:03');
INSERT INTO `media` (`id`, `media_type_id`, `user_id`, `body`, `filename`, `size`, `metadata`, `created_at`, `updated_at`) VALUES ('238', '3', '365', 'Odio voluptatem accusantium quisquam qui excepturi vitae cumque sed. Voluptatem omnis ducimus vel quaerat. In exercitationem non ut ut nihil.', 'est', 0, '2', '1988-08-19 01:26:56', '2019-09-04 05:02:28');
INSERT INTO `media` (`id`, `media_type_id`, `user_id`, `body`, `filename`, `size`, `metadata`, `created_at`, `updated_at`) VALUES ('239', '4', '366', 'Veritatis qui qui possimus id ab ipsa aliquam. Sit rerum necessitatibus possimus sit rerum atque eaque. Nisi ut voluptatem est esse tenetur qui est quia.', 'velit', 0, '5', '1970-05-01 10:18:34', '2009-09-14 00:52:24');
INSERT INTO `media` (`id`, `media_type_id`, `user_id`, `body`, `filename`, `size`, `metadata`, `created_at`, `updated_at`) VALUES ('240', '1', '368', 'Blanditiis voluptatem nihil dolores sit voluptate. Soluta ratione corrupti rerum nihil. Quasi totam blanditiis quia eum alias vitae. Nobis repellat dolor et id quo voluptatibus sed.', 'a', 9, '4', '1995-08-11 08:19:52', '1983-05-06 01:33:07');
INSERT INTO `media` (`id`, `media_type_id`, `user_id`, `body`, `filename`, `size`, `metadata`, `created_at`, `updated_at`) VALUES ('241', '2', '371', 'Nisi asperiores minus est excepturi deleniti. Ab aut voluptatum eaque sed soluta iste. Expedita rem error eveniet corporis atque suscipit rem.', 'et', 4, '3', '1996-11-26 22:21:26', '2019-03-29 13:23:13');
INSERT INTO `media` (`id`, `media_type_id`, `user_id`, `body`, `filename`, `size`, `metadata`, `created_at`, `updated_at`) VALUES ('242', '3', '372', 'Explicabo rerum eos ab aut minima voluptatum quo. Quia facilis quis rerum et et.', 'magnam', 418699234, '8', '2002-03-17 11:45:49', '1986-09-27 18:44:04');
INSERT INTO `media` (`id`, `media_type_id`, `user_id`, `body`, `filename`, `size`, `metadata`, `created_at`, `updated_at`) VALUES ('243', '4', '374', 'Exercitationem incidunt laboriosam sed magnam. Sint temporibus rerum tempore modi nam hic incidunt aperiam. Perspiciatis molestiae ipsa cum a nobis laboriosam aut. Eos nihil quo placeat. Aperiam beatae et suscipit dolores.', 'inventore', 0, '3', '2001-10-21 00:33:47', '2006-02-14 13:09:42');
INSERT INTO `media` (`id`, `media_type_id`, `user_id`, `body`, `filename`, `size`, `metadata`, `created_at`, `updated_at`) VALUES ('244', '1', '375', 'Architecto amet consectetur omnis. Excepturi sunt veritatis doloribus quae ut. Veritatis illo illo omnis dolorem. Molestiae impedit nisi illo.', 'odio', 99358508, '8', '1970-01-26 00:45:01', '1981-01-29 12:44:10');
INSERT INTO `media` (`id`, `media_type_id`, `user_id`, `body`, `filename`, `size`, `metadata`, `created_at`, `updated_at`) VALUES ('245', '2', '376', 'Porro a odio sint optio error rerum. Harum dicta possimus quibusdam non. Ut quo amet consequatur minima veritatis non.', 'perferendis', 2, '4', '1995-08-18 04:12:57', '1977-04-10 06:50:26');
INSERT INTO `media` (`id`, `media_type_id`, `user_id`, `body`, `filename`, `size`, `metadata`, `created_at`, `updated_at`) VALUES ('246', '3', '379', 'Ut illo officia natus in ipsam itaque. Ad qui aut excepturi iusto. Ut ut et aut quibusdam. Maxime veniam officia accusantium.', 'minus', 53, '9', '1979-05-13 18:32:40', '1996-04-04 04:29:10');
INSERT INTO `media` (`id`, `media_type_id`, `user_id`, `body`, `filename`, `size`, `metadata`, `created_at`, `updated_at`) VALUES ('247', '4', '380', 'Libero placeat magnam nulla. Rerum aut facilis enim tempore dolores nemo. Modi ipsam architecto vitae quia dolore tenetur. Rerum non debitis quasi non.', 'fugit', 3421, '1', '2016-08-15 15:24:29', '2010-05-05 09:39:25');
INSERT INTO `media` (`id`, `media_type_id`, `user_id`, `body`, `filename`, `size`, `metadata`, `created_at`, `updated_at`) VALUES ('248', '1', '382', 'Quia illo ea enim nemo numquam incidunt. Voluptatum facilis delectus sit modi. Vel est veritatis in ipsum rerum vel cupiditate.', 'ex', 6, '4', '1999-06-08 19:47:03', '1976-12-04 09:54:05');
INSERT INTO `media` (`id`, `media_type_id`, `user_id`, `body`, `filename`, `size`, `metadata`, `created_at`, `updated_at`) VALUES ('249', '2', '383', 'Ut qui laboriosam qui voluptatem aperiam voluptatem. Suscipit voluptatem sit in voluptatem. Qui doloremque repellat suscipit consequatur doloribus.', 'ea', 24540, '9', '1989-03-17 01:25:31', '2000-12-27 02:45:31');
INSERT INTO `media` (`id`, `media_type_id`, `user_id`, `body`, `filename`, `size`, `metadata`, `created_at`, `updated_at`) VALUES ('250', '3', '384', 'Facilis cupiditate harum explicabo velit. Similique delectus ut doloribus qui ex officiis. Odio exercitationem odio enim.', 'doloribus', 0, '7', '2019-03-18 08:27:40', '1980-05-26 17:56:10');
INSERT INTO `media` (`id`, `media_type_id`, `user_id`, `body`, `filename`, `size`, `metadata`, `created_at`, `updated_at`) VALUES ('251', '4', '389', 'Aut nulla nisi deleniti dignissimos. Officiis incidunt eum qui sint nihil fuga. Doloribus aliquid aut aut voluptas.', 'dignissimos', 213, '6', '1990-11-16 04:25:35', '2015-06-24 08:11:01');
INSERT INTO `media` (`id`, `media_type_id`, `user_id`, `body`, `filename`, `size`, `metadata`, `created_at`, `updated_at`) VALUES ('252', '1', '390', 'Ut placeat nobis modi numquam architecto quas et. Impedit veniam fugiat maiores est.', 'iusto', 0, '6', '2010-11-06 15:13:02', '2014-08-01 23:10:14');
INSERT INTO `media` (`id`, `media_type_id`, `user_id`, `body`, `filename`, `size`, `metadata`, `created_at`, `updated_at`) VALUES ('253', '3', '395', 'Qui nulla architecto explicabo illo. Repudiandae laudantium molestiae ut dolorum doloribus non culpa. Voluptatem assumenda animi officiis eius. Neque alias voluptatibus ut non neque fuga explicabo numquam. Tempore corporis distinctio commodi illo quasi dicta doloribus.', 'dolore', 0, '2', '1991-08-01 17:07:29', '1982-01-14 08:39:48');
INSERT INTO `media` (`id`, `media_type_id`, `user_id`, `body`, `filename`, `size`, `metadata`, `created_at`, `updated_at`) VALUES ('254', '4', '396', 'Quis quia corporis et quod et fugiat sit excepturi. Sint veritatis sunt omnis omnis. Nulla nisi deserunt sed laborum. Sed molestias nemo dolore consequatur sunt explicabo alias.', 'cumque', 0, '5', '1998-06-29 19:10:53', '1977-03-07 09:28:45');
INSERT INTO `media` (`id`, `media_type_id`, `user_id`, `body`, `filename`, `size`, `metadata`, `created_at`, `updated_at`) VALUES ('255', '1', '397', 'Porro fuga aperiam vel natus temporibus mollitia in. Ut dolor maiores atque aliquam doloribus sint voluptatem. Qui dolorem ad est aut.', 'eligendi', 0, '1', '2011-02-23 02:17:33', '1970-06-13 21:46:20');
INSERT INTO `media` (`id`, `media_type_id`, `user_id`, `body`, `filename`, `size`, `metadata`, `created_at`, `updated_at`) VALUES ('256', '2', '398', 'Quis qui recusandae consequatur corrupti qui laboriosam. Et sed et repellat iusto perspiciatis qui in necessitatibus. Molestias maxime explicabo deserunt. Placeat dolorem vel eligendi ipsam commodi asperiores voluptatem.', 'sed', 74, '1', '1983-02-21 17:59:09', '1988-09-25 18:31:56');
INSERT INTO `media` (`id`, `media_type_id`, `user_id`, `body`, `filename`, `size`, `metadata`, `created_at`, `updated_at`) VALUES ('257', '3', '201', 'Ea deserunt eos ut ullam corporis eligendi dolore. Sed vero ut ab animi dolores. Autem enim ipsam fugiat omnis quasi molestiae sit. Quod saepe aut veniam magnam facilis ut.', 'eveniet', 187917, '8', '2007-05-02 17:40:05', '1998-04-18 08:24:15');
INSERT INTO `media` (`id`, `media_type_id`, `user_id`, `body`, `filename`, `size`, `metadata`, `created_at`, `updated_at`) VALUES ('258', '1', '203', 'In quisquam quasi qui ut ipsa cum a ipsum. Neque in sed est. Possimus nostrum cumque sit perspiciatis. Voluptates voluptas et eos rerum maiores.', 'sit', 0, '1', '2013-12-11 19:22:17', '1975-07-23 12:05:53');
INSERT INTO `media` (`id`, `media_type_id`, `user_id`, `body`, `filename`, `size`, `metadata`, `created_at`, `updated_at`) VALUES ('259', '2', '204', 'Perspiciatis omnis qui enim repellat nobis provident. Rem ipsam perferendis consectetur nisi nemo occaecati ut. Suscipit repellat non corrupti aliquid odio et.', 'et', 7, '2', '1972-09-15 05:39:06', '2003-03-19 08:39:26');
INSERT INTO `media` (`id`, `media_type_id`, `user_id`, `body`, `filename`, `size`, `metadata`, `created_at`, `updated_at`) VALUES ('260', '3', '205', 'Quam iste voluptatem quis. Dolor dolores soluta delectus et non dolorum blanditiis mollitia. Non nobis facilis et.', 'earum', 39027686, '2', '1982-07-11 00:37:50', '1991-12-30 23:08:41');
INSERT INTO `media` (`id`, `media_type_id`, `user_id`, `body`, `filename`, `size`, `metadata`, `created_at`, `updated_at`) VALUES ('261', '4', '206', 'Consequuntur suscipit aut odit delectus. Vel nobis est sequi. Et eum adipisci voluptatem facilis et sit autem.', 'saepe', 4213145, '6', '1979-10-03 10:49:53', '2012-11-18 21:29:39');
INSERT INTO `media` (`id`, `media_type_id`, `user_id`, `body`, `filename`, `size`, `metadata`, `created_at`, `updated_at`) VALUES ('262', '1', '207', 'Sunt numquam autem quidem iste aliquid. Laudantium voluptate iure doloribus sapiente debitis quam in laboriosam. Maxime velit voluptates repellendus quam rem quis ut. Perspiciatis beatae dolorum vitae cumque molestiae id.', 'numquam', 6142731, '6', '2015-08-19 20:13:57', '1984-08-28 03:20:59');
INSERT INTO `media` (`id`, `media_type_id`, `user_id`, `body`, `filename`, `size`, `metadata`, `created_at`, `updated_at`) VALUES ('263', '2', '208', 'Quia rem alias minima vitae magnam eos perspiciatis voluptatum. Accusamus laudantium omnis et atque officia eveniet quisquam. Labore ut veritatis quidem consequatur sed esse quibusdam.', 'aut', 9713483, '6', '1986-04-29 21:57:30', '2003-08-02 12:37:49');
INSERT INTO `media` (`id`, `media_type_id`, `user_id`, `body`, `filename`, `size`, `metadata`, `created_at`, `updated_at`) VALUES ('264', '3', '209', 'Possimus iure distinctio quam maxime. Quis natus similique quidem.', 'debitis', 4592, '4', '1989-04-18 06:26:19', '2002-01-15 07:27:36');
INSERT INTO `media` (`id`, `media_type_id`, `user_id`, `body`, `filename`, `size`, `metadata`, `created_at`, `updated_at`) VALUES ('265', '1', '211', 'Eius reprehenderit suscipit et quibusdam id. Voluptatem ullam nam quia hic aut fugiat similique. Et rerum aut incidunt sint illo quia. Dolor dolorum fugiat rerum tenetur velit.', 'incidunt', 709201799, '5', '1984-11-07 07:07:58', '2004-12-15 13:04:19');
INSERT INTO `media` (`id`, `media_type_id`, `user_id`, `body`, `filename`, `size`, `metadata`, `created_at`, `updated_at`) VALUES ('266', '2', '212', 'Est assumenda sed culpa voluptate autem sapiente facere. At asperiores veritatis facere recusandae omnis. Non hic dignissimos ut.', 'animi', 147825, '8', '1975-03-12 05:12:44', '2000-10-26 20:58:02');
INSERT INTO `media` (`id`, `media_type_id`, `user_id`, `body`, `filename`, `size`, `metadata`, `created_at`, `updated_at`) VALUES ('267', '3', '213', 'Dolorem hic doloribus sint sed repellat delectus ad. Eos architecto enim fugiat ut fugiat odio libero. Nulla ullam magni temporibus minima rerum expedita. Et vel quisquam praesentium sint.', 'omnis', 42995, '6', '1994-06-19 15:54:08', '2012-09-06 01:54:13');
INSERT INTO `media` (`id`, `media_type_id`, `user_id`, `body`, `filename`, `size`, `metadata`, `created_at`, `updated_at`) VALUES ('268', '4', '216', 'Assumenda ipsam maxime cumque. Et ipsum nihil ut et id et. Expedita est sit rem non libero deserunt recusandae.', 'et', 95, '8', '1985-12-31 05:19:58', '1995-07-23 22:35:47');
INSERT INTO `media` (`id`, `media_type_id`, `user_id`, `body`, `filename`, `size`, `metadata`, `created_at`, `updated_at`) VALUES ('269', '1', '218', 'Quis dolore aut exercitationem. Id molestias enim quia sunt voluptatibus a. Deleniti at iste molestiae saepe reprehenderit.', 'ducimus', 281, '4', '2010-09-21 05:56:47', '1994-03-05 00:28:14');
INSERT INTO `media` (`id`, `media_type_id`, `user_id`, `body`, `filename`, `size`, `metadata`, `created_at`, `updated_at`) VALUES ('270', '2', '219', 'Vitae quisquam et consequatur ut et molestiae. Quis molestias qui magnam quisquam minus quia nobis. Aliquam officia reiciendis voluptates. Qui quo assumenda debitis quasi ex molestiae ut.', 'et', 14785542, '1', '2016-05-19 16:47:40', '1979-02-18 18:41:35');
INSERT INTO `media` (`id`, `media_type_id`, `user_id`, `body`, `filename`, `size`, `metadata`, `created_at`, `updated_at`) VALUES ('271', '3', '220', 'Aliquid laboriosam id saepe id. Et maxime recusandae ea eaque qui. Quas sapiente consequatur sed autem. Hic sint deleniti fugiat est est iste.', 'distinctio', 1, '7', '1970-05-26 11:40:54', '1980-08-05 09:24:11');
INSERT INTO `media` (`id`, `media_type_id`, `user_id`, `body`, `filename`, `size`, `metadata`, `created_at`, `updated_at`) VALUES ('272', '1', '224', 'Sunt ea consequatur fugiat quia tenetur labore. Iste eveniet qui dolores error ut harum omnis nisi.', 'sint', 28417539, '2', '1970-12-14 00:28:25', '1983-12-12 20:15:46');
INSERT INTO `media` (`id`, `media_type_id`, `user_id`, `body`, `filename`, `size`, `metadata`, `created_at`, `updated_at`) VALUES ('273', '2', '227', 'Consequatur aspernatur quia cum fugiat quasi. Consectetur pariatur est cum provident tempore aut. Voluptas id enim ea sint at.', 'qui', 358899, '5', '1972-11-01 21:01:14', '1985-05-12 04:03:45');
INSERT INTO `media` (`id`, `media_type_id`, `user_id`, `body`, `filename`, `size`, `metadata`, `created_at`, `updated_at`) VALUES ('274', '3', '229', 'Dicta beatae eligendi quia dicta ut quis adipisci. Occaecati rerum voluptas consequatur. Recusandae architecto ut illum dolorem non et. Consequatur adipisci delectus iusto rerum quis libero harum.', 'exercitationem', 31036006, '8', '1977-02-17 21:31:32', '1994-08-25 08:46:49');
INSERT INTO `media` (`id`, `media_type_id`, `user_id`, `body`, `filename`, `size`, `metadata`, `created_at`, `updated_at`) VALUES ('275', '4', '233', 'Ex maxime debitis sequi incidunt. Ea modi debitis sapiente quod velit. Aspernatur et assumenda quibusdam officia. Aut dolor occaecati et non corrupti placeat nam atque.', 'fugiat', 0, '8', '1994-06-01 06:21:58', '1978-07-30 02:56:47');
INSERT INTO `media` (`id`, `media_type_id`, `user_id`, `body`, `filename`, `size`, `metadata`, `created_at`, `updated_at`) VALUES ('276', '1', '236', 'Soluta animi odio qui corporis inventore. Provident et doloremque recusandae est soluta aspernatur. Sunt voluptas voluptatem ipsum. Saepe deleniti itaque error consequatur voluptas.', 'voluptatibus', 554, '8', '1988-01-23 21:41:11', '1975-05-31 13:22:57');
INSERT INTO `media` (`id`, `media_type_id`, `user_id`, `body`, `filename`, `size`, `metadata`, `created_at`, `updated_at`) VALUES ('277', '3', '238', 'Quae eligendi dolorem quaerat et et. Id veritatis neque aspernatur nulla incidunt. Veritatis provident qui ut atque quam error. Enim cumque assumenda voluptate et quia.', 'labore', 20, '4', '2019-06-14 11:51:11', '2018-05-09 10:45:58');
INSERT INTO `media` (`id`, `media_type_id`, `user_id`, `body`, `filename`, `size`, `metadata`, `created_at`, `updated_at`) VALUES ('278', '4', '240', 'Dolor et id quia officia modi placeat pariatur. Repellat aut minus numquam sit est dicta. Maiores odit autem delectus et exercitationem aliquam illum.', 'non', 93744165, '2', '1994-06-29 15:39:40', '1972-05-19 17:50:01');
INSERT INTO `media` (`id`, `media_type_id`, `user_id`, `body`, `filename`, `size`, `metadata`, `created_at`, `updated_at`) VALUES ('279', '1', '242', 'Delectus deserunt sit quos et earum ad. Occaecati qui blanditiis quasi. Repudiandae explicabo dolorum dolore sit sed aliquam. Similique sit atque officia.', 'numquam', 421993, '4', '1990-10-18 05:02:11', '1986-02-25 15:46:10');
INSERT INTO `media` (`id`, `media_type_id`, `user_id`, `body`, `filename`, `size`, `metadata`, `created_at`, `updated_at`) VALUES ('280', '2', '244', 'Sint asperiores velit in qui dolorum error. Omnis tenetur est dolores aspernatur quasi. Ex sint reiciendis ea quia. Qui cumque libero delectus.', 'illo', 71867238, '8', '2004-03-06 17:37:38', '1999-05-16 21:02:11');
INSERT INTO `media` (`id`, `media_type_id`, `user_id`, `body`, `filename`, `size`, `metadata`, `created_at`, `updated_at`) VALUES ('281', '3', '246', 'Possimus qui earum veniam dolores vero. Et cum a quod dolor eligendi.', 'cupiditate', 236, '1', '2010-04-07 22:55:12', '2016-11-25 09:09:59');
INSERT INTO `media` (`id`, `media_type_id`, `user_id`, `body`, `filename`, `size`, `metadata`, `created_at`, `updated_at`) VALUES ('282', '4', '248', 'Ut quod consequatur odit mollitia voluptatem sunt dolores sapiente. Officia ipsa quam eligendi aut et cumque aut expedita. Sint voluptatibus commodi recusandae aut harum harum. Nulla debitis numquam dolor aut. Animi ab iure mollitia qui corrupti aliquam.', 'officia', 167, '1', '1976-02-16 20:15:31', '2000-12-23 00:32:22');
INSERT INTO `media` (`id`, `media_type_id`, `user_id`, `body`, `filename`, `size`, `metadata`, `created_at`, `updated_at`) VALUES ('283', '1', '251', 'Natus aperiam totam laborum quia iste consectetur. Et repellendus fuga exercitationem non. Hic reiciendis qui architecto exercitationem neque blanditiis.', 'laborum', 0, '9', '2004-04-23 04:31:13', '2006-04-13 09:01:05');
INSERT INTO `media` (`id`, `media_type_id`, `user_id`, `body`, `filename`, `size`, `metadata`, `created_at`, `updated_at`) VALUES ('284', '2', '253', 'Quo est nisi totam eius laudantium. Quia error ut excepturi. Libero non quo deleniti rem velit voluptatem.', 'quia', 373, '5', '1976-08-26 19:53:23', '1977-04-15 14:55:53');


#
# TABLE STRUCTURE FOR: photos
#

INSERT INTO `photos` (`id`, `album_id`, `media_id`) VALUES ('1', '1', '240');
INSERT INTO `photos` (`id`, `album_id`, `media_id`) VALUES ('2', '2', '275');
INSERT INTO `photos` (`id`, `album_id`, `media_id`) VALUES ('3', '3', '256');
INSERT INTO `photos` (`id`, `album_id`, `media_id`) VALUES ('4', '4', '280');
INSERT INTO `photos` (`id`, `album_id`, `media_id`) VALUES ('5', '5', '157');
INSERT INTO `photos` (`id`, `album_id`, `media_id`) VALUES ('6', '6', '281');
INSERT INTO `photos` (`id`, `album_id`, `media_id`) VALUES ('7', '7', '206');
INSERT INTO `photos` (`id`, `album_id`, `media_id`) VALUES ('8', '8', '272');
INSERT INTO `photos` (`id`, `album_id`, `media_id`) VALUES ('9', '9', '249');
INSERT INTO `photos` (`id`, `album_id`, `media_id`) VALUES ('10', '10', '243');
INSERT INTO `photos` (`id`, `album_id`, `media_id`) VALUES ('11', '11', '279');
INSERT INTO `photos` (`id`, `album_id`, `media_id`) VALUES ('12', '12', '165');
INSERT INTO `photos` (`id`, `album_id`, `media_id`) VALUES ('13', '13', '180');
INSERT INTO `photos` (`id`, `album_id`, `media_id`) VALUES ('14', '14', '203');
INSERT INTO `photos` (`id`, `album_id`, `media_id`) VALUES ('15', '15', '175');
INSERT INTO `photos` (`id`, `album_id`, `media_id`) VALUES ('16', '16', '228');
INSERT INTO `photos` (`id`, `album_id`, `media_id`) VALUES ('17', '17', '210');
INSERT INTO `photos` (`id`, `album_id`, `media_id`) VALUES ('18', '18', '211');
INSERT INTO `photos` (`id`, `album_id`, `media_id`) VALUES ('19', '19', '160');
INSERT INTO `photos` (`id`, `album_id`, `media_id`) VALUES ('20', '20', '181');
INSERT INTO `photos` (`id`, `album_id`, `media_id`) VALUES ('21', '21', '241');
INSERT INTO `photos` (`id`, `album_id`, `media_id`) VALUES ('22', '22', '174');
INSERT INTO `photos` (`id`, `album_id`, `media_id`) VALUES ('23', '23', '214');
INSERT INTO `photos` (`id`, `album_id`, `media_id`) VALUES ('24', '24', '161');
INSERT INTO `photos` (`id`, `album_id`, `media_id`) VALUES ('25', '25', '168');
INSERT INTO `photos` (`id`, `album_id`, `media_id`) VALUES ('26', '26', '213');
INSERT INTO `photos` (`id`, `album_id`, `media_id`) VALUES ('27', '27', '166');
INSERT INTO `photos` (`id`, `album_id`, `media_id`) VALUES ('28', '28', '265');
INSERT INTO `photos` (`id`, `album_id`, `media_id`) VALUES ('29', '29', '175');
INSERT INTO `photos` (`id`, `album_id`, `media_id`) VALUES ('30', '30', '155');
INSERT INTO `photos` (`id`, `album_id`, `media_id`) VALUES ('31', '31', '162');
INSERT INTO `photos` (`id`, `album_id`, `media_id`) VALUES ('32', '32', '264');
INSERT INTO `photos` (`id`, `album_id`, `media_id`) VALUES ('33', '33', '279');
INSERT INTO `photos` (`id`, `album_id`, `media_id`) VALUES ('34', '34', '267');
INSERT INTO `photos` (`id`, `album_id`, `media_id`) VALUES ('35', '35', '260');
INSERT INTO `photos` (`id`, `album_id`, `media_id`) VALUES ('36', '36', '152');
INSERT INTO `photos` (`id`, `album_id`, `media_id`) VALUES ('37', '37', '264');
INSERT INTO `photos` (`id`, `album_id`, `media_id`) VALUES ('38', '38', '181');
INSERT INTO `photos` (`id`, `album_id`, `media_id`) VALUES ('39', '39', '273');
INSERT INTO `photos` (`id`, `album_id`, `media_id`) VALUES ('40', '40', '228');
INSERT INTO `photos` (`id`, `album_id`, `media_id`) VALUES ('41', '41', '273');
INSERT INTO `photos` (`id`, `album_id`, `media_id`) VALUES ('42', '42', '267');
INSERT INTO `photos` (`id`, `album_id`, `media_id`) VALUES ('43', '43', '242');
INSERT INTO `photos` (`id`, `album_id`, `media_id`) VALUES ('44', '44', '168');
INSERT INTO `photos` (`id`, `album_id`, `media_id`) VALUES ('45', '45', '186');
INSERT INTO `photos` (`id`, `album_id`, `media_id`) VALUES ('46', '46', '267');
INSERT INTO `photos` (`id`, `album_id`, `media_id`) VALUES ('47', '47', '246');
INSERT INTO `photos` (`id`, `album_id`, `media_id`) VALUES ('48', '48', '246');
INSERT INTO `photos` (`id`, `album_id`, `media_id`) VALUES ('49', '49', '193');
INSERT INTO `photos` (`id`, `album_id`, `media_id`) VALUES ('50', '50', '255');
INSERT INTO `photos` (`id`, `album_id`, `media_id`) VALUES ('51', '51', '277');
INSERT INTO `photos` (`id`, `album_id`, `media_id`) VALUES ('52', '52', '284');
INSERT INTO `photos` (`id`, `album_id`, `media_id`) VALUES ('53', '53', '278');
INSERT INTO `photos` (`id`, `album_id`, `media_id`) VALUES ('54', '54', '206');
INSERT INTO `photos` (`id`, `album_id`, `media_id`) VALUES ('55', '55', '160');
INSERT INTO `photos` (`id`, `album_id`, `media_id`) VALUES ('56', '56', '162');
INSERT INTO `photos` (`id`, `album_id`, `media_id`) VALUES ('57', '57', '269');
INSERT INTO `photos` (`id`, `album_id`, `media_id`) VALUES ('58', '58', '176');
INSERT INTO `photos` (`id`, `album_id`, `media_id`) VALUES ('59', '59', '276');
INSERT INTO `photos` (`id`, `album_id`, `media_id`) VALUES ('60', '60', '159');
INSERT INTO `photos` (`id`, `album_id`, `media_id`) VALUES ('61', '61', '180');
INSERT INTO `photos` (`id`, `album_id`, `media_id`) VALUES ('62', '62', '153');
INSERT INTO `photos` (`id`, `album_id`, `media_id`) VALUES ('63', '63', '272');
INSERT INTO `photos` (`id`, `album_id`, `media_id`) VALUES ('64', '64', '175');
INSERT INTO `photos` (`id`, `album_id`, `media_id`) VALUES ('65', '65', '270');
INSERT INTO `photos` (`id`, `album_id`, `media_id`) VALUES ('66', '66', '247');
INSERT INTO `photos` (`id`, `album_id`, `media_id`) VALUES ('67', '67', '176');
INSERT INTO `photos` (`id`, `album_id`, `media_id`) VALUES ('68', '68', '249');
INSERT INTO `photos` (`id`, `album_id`, `media_id`) VALUES ('69', '69', '278');
INSERT INTO `photos` (`id`, `album_id`, `media_id`) VALUES ('70', '70', '165');
INSERT INTO `photos` (`id`, `album_id`, `media_id`) VALUES ('71', '71', '193');
INSERT INTO `photos` (`id`, `album_id`, `media_id`) VALUES ('72', '72', '266');
INSERT INTO `photos` (`id`, `album_id`, `media_id`) VALUES ('73', '73', '282');
INSERT INTO `photos` (`id`, `album_id`, `media_id`) VALUES ('74', '74', '151');
INSERT INTO `photos` (`id`, `album_id`, `media_id`) VALUES ('75', '75', '284');
INSERT INTO `photos` (`id`, `album_id`, `media_id`) VALUES ('76', '76', '184');
INSERT INTO `photos` (`id`, `album_id`, `media_id`) VALUES ('77', '77', '267');
INSERT INTO `photos` (`id`, `album_id`, `media_id`) VALUES ('78', '78', '245');
INSERT INTO `photos` (`id`, `album_id`, `media_id`) VALUES ('79', '79', '280');
INSERT INTO `photos` (`id`, `album_id`, `media_id`) VALUES ('80', '80', '176');
INSERT INTO `photos` (`id`, `album_id`, `media_id`) VALUES ('81', '81', '216');
INSERT INTO `photos` (`id`, `album_id`, `media_id`) VALUES ('82', '82', '272');
INSERT INTO `photos` (`id`, `album_id`, `media_id`) VALUES ('83', '83', '175');
INSERT INTO `photos` (`id`, `album_id`, `media_id`) VALUES ('84', '84', '210');
INSERT INTO `photos` (`id`, `album_id`, `media_id`) VALUES ('85', '85', '194');
INSERT INTO `photos` (`id`, `album_id`, `media_id`) VALUES ('86', '86', '185');
INSERT INTO `photos` (`id`, `album_id`, `media_id`) VALUES ('87', '87', '221');
INSERT INTO `photos` (`id`, `album_id`, `media_id`) VALUES ('88', '88', '178');
INSERT INTO `photos` (`id`, `album_id`, `media_id`) VALUES ('89', '89', '211');
INSERT INTO `photos` (`id`, `album_id`, `media_id`) VALUES ('90', '90', '212');
INSERT INTO `photos` (`id`, `album_id`, `media_id`) VALUES ('91', '91', '187');
INSERT INTO `photos` (`id`, `album_id`, `media_id`) VALUES ('92', '92', '240');
INSERT INTO `photos` (`id`, `album_id`, `media_id`) VALUES ('93', '93', '215');
INSERT INTO `photos` (`id`, `album_id`, `media_id`) VALUES ('94', '94', '174');
INSERT INTO `photos` (`id`, `album_id`, `media_id`) VALUES ('95', '95', '264');
INSERT INTO `photos` (`id`, `album_id`, `media_id`) VALUES ('96', '96', '200');
INSERT INTO `photos` (`id`, `album_id`, `media_id`) VALUES ('97', '97', '271');
INSERT INTO `photos` (`id`, `album_id`, `media_id`) VALUES ('98', '98', '156');
INSERT INTO `photos` (`id`, `album_id`, `media_id`) VALUES ('99', '99', '165');
INSERT INTO `photos` (`id`, `album_id`, `media_id`) VALUES ('100', '100', '264');


#
# TABLE STRUCTURE FOR: likes
#

INSERT INTO `likes` (`id`, `user_id`, `media_id`, `created_at`) VALUES ('1', '201', '228', '1986-01-09 11:16:35');
INSERT INTO `likes` (`id`, `user_id`, `media_id`, `created_at`) VALUES ('2', '202', '195', '2020-02-26 06:19:03');
INSERT INTO `likes` (`id`, `user_id`, `media_id`, `created_at`) VALUES ('3', '203', '251', '2015-04-02 22:24:30');
INSERT INTO `likes` (`id`, `user_id`, `media_id`, `created_at`) VALUES ('4', '204', '228', '1984-05-19 23:21:02');
INSERT INTO `likes` (`id`, `user_id`, `media_id`, `created_at`) VALUES ('5', '205', '262', '1986-05-08 03:45:42');
INSERT INTO `likes` (`id`, `user_id`, `media_id`, `created_at`) VALUES ('6', '206', '238', '2012-06-16 01:39:27');
INSERT INTO `likes` (`id`, `user_id`, `media_id`, `created_at`) VALUES ('7', '207', '275', '1987-01-12 01:24:23');
INSERT INTO `likes` (`id`, `user_id`, `media_id`, `created_at`) VALUES ('8', '208', '226', '2004-08-30 22:42:45');
INSERT INTO `likes` (`id`, `user_id`, `media_id`, `created_at`) VALUES ('9', '209', '242', '2012-12-23 08:04:28');
INSERT INTO `likes` (`id`, `user_id`, `media_id`, `created_at`) VALUES ('10', '210', '181', '2001-11-05 08:23:06');
INSERT INTO `likes` (`id`, `user_id`, `media_id`, `created_at`) VALUES ('11', '211', '227', '2006-12-25 13:42:51');
INSERT INTO `likes` (`id`, `user_id`, `media_id`, `created_at`) VALUES ('12', '212', '247', '1972-10-18 06:23:40');
INSERT INTO `likes` (`id`, `user_id`, `media_id`, `created_at`) VALUES ('13', '213', '203', '1970-05-18 16:08:45');
INSERT INTO `likes` (`id`, `user_id`, `media_id`, `created_at`) VALUES ('14', '216', '167', '1984-10-02 10:17:01');
INSERT INTO `likes` (`id`, `user_id`, `media_id`, `created_at`) VALUES ('15', '218', '256', '2000-01-16 16:48:06');
INSERT INTO `likes` (`id`, `user_id`, `media_id`, `created_at`) VALUES ('16', '219', '172', '2019-06-10 17:04:23');
INSERT INTO `likes` (`id`, `user_id`, `media_id`, `created_at`) VALUES ('17', '220', '177', '1992-07-21 17:29:01');
INSERT INTO `likes` (`id`, `user_id`, `media_id`, `created_at`) VALUES ('18', '222', '207', '2002-08-31 00:56:04');
INSERT INTO `likes` (`id`, `user_id`, `media_id`, `created_at`) VALUES ('19', '224', '218', '2012-03-06 07:59:23');
INSERT INTO `likes` (`id`, `user_id`, `media_id`, `created_at`) VALUES ('20', '227', '180', '2004-09-19 03:02:09');
INSERT INTO `likes` (`id`, `user_id`, `media_id`, `created_at`) VALUES ('21', '229', '280', '1989-12-08 07:55:52');
INSERT INTO `likes` (`id`, `user_id`, `media_id`, `created_at`) VALUES ('22', '233', '264', '2011-12-02 15:44:33');
INSERT INTO `likes` (`id`, `user_id`, `media_id`, `created_at`) VALUES ('23', '236', '178', '1990-12-22 01:43:41');
INSERT INTO `likes` (`id`, `user_id`, `media_id`, `created_at`) VALUES ('24', '237', '279', '2003-07-14 20:34:20');
INSERT INTO `likes` (`id`, `user_id`, `media_id`, `created_at`) VALUES ('25', '238', '189', '2015-05-10 16:50:25');
INSERT INTO `likes` (`id`, `user_id`, `media_id`, `created_at`) VALUES ('26', '240', '184', '2002-07-20 20:56:41');
INSERT INTO `likes` (`id`, `user_id`, `media_id`, `created_at`) VALUES ('27', '242', '244', '2004-02-01 16:10:51');
INSERT INTO `likes` (`id`, `user_id`, `media_id`, `created_at`) VALUES ('28', '244', '210', '1993-10-16 14:27:20');
INSERT INTO `likes` (`id`, `user_id`, `media_id`, `created_at`) VALUES ('29', '246', '196', '1983-01-24 12:09:04');
INSERT INTO `likes` (`id`, `user_id`, `media_id`, `created_at`) VALUES ('30', '248', '273', '1981-06-14 02:50:28');
INSERT INTO `likes` (`id`, `user_id`, `media_id`, `created_at`) VALUES ('31', '251', '266', '1991-01-06 15:52:03');
INSERT INTO `likes` (`id`, `user_id`, `media_id`, `created_at`) VALUES ('32', '253', '273', '2009-06-21 21:57:19');
INSERT INTO `likes` (`id`, `user_id`, `media_id`, `created_at`) VALUES ('33', '254', '184', '1987-08-04 21:13:15');
INSERT INTO `likes` (`id`, `user_id`, `media_id`, `created_at`) VALUES ('34', '256', '232', '2013-09-05 13:24:57');
INSERT INTO `likes` (`id`, `user_id`, `media_id`, `created_at`) VALUES ('35', '257', '217', '2010-08-08 22:28:15');
INSERT INTO `likes` (`id`, `user_id`, `media_id`, `created_at`) VALUES ('36', '258', '161', '1974-04-11 18:29:35');
INSERT INTO `likes` (`id`, `user_id`, `media_id`, `created_at`) VALUES ('37', '262', '185', '1984-03-07 08:51:50');
INSERT INTO `likes` (`id`, `user_id`, `media_id`, `created_at`) VALUES ('38', '264', '207', '2017-10-17 18:25:15');
INSERT INTO `likes` (`id`, `user_id`, `media_id`, `created_at`) VALUES ('39', '268', '237', '1978-03-17 00:39:32');
INSERT INTO `likes` (`id`, `user_id`, `media_id`, `created_at`) VALUES ('40', '269', '277', '2004-05-26 10:32:39');
INSERT INTO `likes` (`id`, `user_id`, `media_id`, `created_at`) VALUES ('41', '272', '238', '1980-11-22 02:18:10');
INSERT INTO `likes` (`id`, `user_id`, `media_id`, `created_at`) VALUES ('42', '276', '180', '1991-09-30 16:22:21');
INSERT INTO `likes` (`id`, `user_id`, `media_id`, `created_at`) VALUES ('43', '277', '240', '2004-04-30 21:31:45');
INSERT INTO `likes` (`id`, `user_id`, `media_id`, `created_at`) VALUES ('44', '282', '157', '2014-06-04 10:42:03');
INSERT INTO `likes` (`id`, `user_id`, `media_id`, `created_at`) VALUES ('45', '283', '196', '2003-12-06 01:41:53');
INSERT INTO `likes` (`id`, `user_id`, `media_id`, `created_at`) VALUES ('46', '284', '211', '2014-03-26 07:37:35');
INSERT INTO `likes` (`id`, `user_id`, `media_id`, `created_at`) VALUES ('47', '286', '178', '1989-08-01 16:56:02');
INSERT INTO `likes` (`id`, `user_id`, `media_id`, `created_at`) VALUES ('48', '287', '222', '1970-09-19 13:46:12');
INSERT INTO `likes` (`id`, `user_id`, `media_id`, `created_at`) VALUES ('49', '288', '268', '2010-10-25 12:45:30');
INSERT INTO `likes` (`id`, `user_id`, `media_id`, `created_at`) VALUES ('50', '290', '246', '2014-12-25 02:06:37');
INSERT INTO `likes` (`id`, `user_id`, `media_id`, `created_at`) VALUES ('51', '293', '252', '2009-02-11 10:38:39');
INSERT INTO `likes` (`id`, `user_id`, `media_id`, `created_at`) VALUES ('52', '294', '264', '1971-09-04 21:31:38');
INSERT INTO `likes` (`id`, `user_id`, `media_id`, `created_at`) VALUES ('53', '295', '226', '1980-10-31 02:50:44');
INSERT INTO `likes` (`id`, `user_id`, `media_id`, `created_at`) VALUES ('54', '296', '279', '1988-07-06 03:00:07');
INSERT INTO `likes` (`id`, `user_id`, `media_id`, `created_at`) VALUES ('55', '298', '258', '2003-10-12 19:24:12');
INSERT INTO `likes` (`id`, `user_id`, `media_id`, `created_at`) VALUES ('56', '299', '264', '1970-03-16 01:25:26');
INSERT INTO `likes` (`id`, `user_id`, `media_id`, `created_at`) VALUES ('57', '300', '179', '1979-05-31 03:13:52');
INSERT INTO `likes` (`id`, `user_id`, `media_id`, `created_at`) VALUES ('58', '301', '217', '2002-02-08 11:19:06');
INSERT INTO `likes` (`id`, `user_id`, `media_id`, `created_at`) VALUES ('59', '306', '190', '1980-12-01 00:24:49');
INSERT INTO `likes` (`id`, `user_id`, `media_id`, `created_at`) VALUES ('60', '307', '224', '2017-10-22 21:45:51');
INSERT INTO `likes` (`id`, `user_id`, `media_id`, `created_at`) VALUES ('61', '308', '206', '1988-12-28 08:57:43');
INSERT INTO `likes` (`id`, `user_id`, `media_id`, `created_at`) VALUES ('62', '309', '171', '2005-09-23 12:04:06');
INSERT INTO `likes` (`id`, `user_id`, `media_id`, `created_at`) VALUES ('63', '310', '213', '1998-09-28 23:38:35');
INSERT INTO `likes` (`id`, `user_id`, `media_id`, `created_at`) VALUES ('64', '311', '239', '1981-08-11 05:16:33');
INSERT INTO `likes` (`id`, `user_id`, `media_id`, `created_at`) VALUES ('65', '312', '252', '1990-11-07 07:18:53');
INSERT INTO `likes` (`id`, `user_id`, `media_id`, `created_at`) VALUES ('66', '313', '279', '1995-02-15 07:29:18');
INSERT INTO `likes` (`id`, `user_id`, `media_id`, `created_at`) VALUES ('67', '314', '250', '2004-01-14 15:54:54');
INSERT INTO `likes` (`id`, `user_id`, `media_id`, `created_at`) VALUES ('68', '315', '153', '2008-11-25 07:49:31');
INSERT INTO `likes` (`id`, `user_id`, `media_id`, `created_at`) VALUES ('69', '317', '202', '1972-11-12 23:12:21');
INSERT INTO `likes` (`id`, `user_id`, `media_id`, `created_at`) VALUES ('70', '318', '203', '1999-11-25 20:38:04');
INSERT INTO `likes` (`id`, `user_id`, `media_id`, `created_at`) VALUES ('71', '321', '279', '1985-02-01 10:31:07');
INSERT INTO `likes` (`id`, `user_id`, `media_id`, `created_at`) VALUES ('72', '322', '155', '2002-10-31 11:09:23');
INSERT INTO `likes` (`id`, `user_id`, `media_id`, `created_at`) VALUES ('73', '325', '232', '2003-02-15 08:26:03');
INSERT INTO `likes` (`id`, `user_id`, `media_id`, `created_at`) VALUES ('74', '327', '234', '2001-02-25 05:48:05');
INSERT INTO `likes` (`id`, `user_id`, `media_id`, `created_at`) VALUES ('75', '329', '161', '2019-11-20 12:37:17');
INSERT INTO `likes` (`id`, `user_id`, `media_id`, `created_at`) VALUES ('76', '330', '277', '1994-09-11 03:19:20');
INSERT INTO `likes` (`id`, `user_id`, `media_id`, `created_at`) VALUES ('77', '331', '161', '2007-10-03 15:27:44');
INSERT INTO `likes` (`id`, `user_id`, `media_id`, `created_at`) VALUES ('78', '332', '188', '1986-02-20 05:12:40');
INSERT INTO `likes` (`id`, `user_id`, `media_id`, `created_at`) VALUES ('79', '333', '214', '1978-02-04 01:38:47');
INSERT INTO `likes` (`id`, `user_id`, `media_id`, `created_at`) VALUES ('80', '336', '278', '1992-12-08 16:44:51');
INSERT INTO `likes` (`id`, `user_id`, `media_id`, `created_at`) VALUES ('81', '338', '284', '2013-06-04 16:23:24');
INSERT INTO `likes` (`id`, `user_id`, `media_id`, `created_at`) VALUES ('82', '339', '181', '1981-08-06 03:47:07');
INSERT INTO `likes` (`id`, `user_id`, `media_id`, `created_at`) VALUES ('83', '340', '258', '2005-04-28 03:45:04');
INSERT INTO `likes` (`id`, `user_id`, `media_id`, `created_at`) VALUES ('84', '341', '225', '2006-10-18 06:53:04');
INSERT INTO `likes` (`id`, `user_id`, `media_id`, `created_at`) VALUES ('85', '342', '176', '2013-12-12 00:05:44');
INSERT INTO `likes` (`id`, `user_id`, `media_id`, `created_at`) VALUES ('86', '345', '232', '1974-04-20 17:14:43');
INSERT INTO `likes` (`id`, `user_id`, `media_id`, `created_at`) VALUES ('87', '348', '205', '1994-08-09 06:00:19');
INSERT INTO `likes` (`id`, `user_id`, `media_id`, `created_at`) VALUES ('88', '350', '205', '1998-04-01 11:16:24');
INSERT INTO `likes` (`id`, `user_id`, `media_id`, `created_at`) VALUES ('89', '351', '164', '1978-07-12 06:12:48');
INSERT INTO `likes` (`id`, `user_id`, `media_id`, `created_at`) VALUES ('90', '354', '244', '2020-08-06 02:21:49');
INSERT INTO `likes` (`id`, `user_id`, `media_id`, `created_at`) VALUES ('91', '355', '278', '1980-05-07 22:13:24');
INSERT INTO `likes` (`id`, `user_id`, `media_id`, `created_at`) VALUES ('92', '356', '220', '1973-07-09 15:21:32');
INSERT INTO `likes` (`id`, `user_id`, `media_id`, `created_at`) VALUES ('93', '357', '264', '1976-06-07 19:26:05');
INSERT INTO `likes` (`id`, `user_id`, `media_id`, `created_at`) VALUES ('94', '358', '206', '1983-10-18 22:20:14');
INSERT INTO `likes` (`id`, `user_id`, `media_id`, `created_at`) VALUES ('95', '359', '175', '2017-08-06 19:07:44');
INSERT INTO `likes` (`id`, `user_id`, `media_id`, `created_at`) VALUES ('96', '361', '232', '1983-03-19 23:22:42');
INSERT INTO `likes` (`id`, `user_id`, `media_id`, `created_at`) VALUES ('97', '363', '201', '1995-09-12 07:03:51');
INSERT INTO `likes` (`id`, `user_id`, `media_id`, `created_at`) VALUES ('98', '364', '274', '1978-06-13 09:25:40');
INSERT INTO `likes` (`id`, `user_id`, `media_id`, `created_at`) VALUES ('99', '365', '235', '1980-04-26 12:07:40');
INSERT INTO `likes` (`id`, `user_id`, `media_id`, `created_at`) VALUES ('100', '366', '252', '2016-05-16 16:07:28');


#
# TABLE STRUCTURE FOR: profiles
#

INSERT INTO `profiles` (`user_id`, `gender`, `birthday`, `photo_id`, `created_at`, `hometown`) VALUES ('201', 'm', '2008-01-22', '1', '2003-05-21 11:08:28', 'Port Lexiebury');
INSERT INTO `profiles` (`user_id`, `gender`, `birthday`, `photo_id`, `created_at`, `hometown`) VALUES ('202', 'f', '1986-06-23', '2', '1983-06-26 16:24:44', 'Swiftport');
INSERT INTO `profiles` (`user_id`, `gender`, `birthday`, `photo_id`, `created_at`, `hometown`) VALUES ('203', 'f', '1985-08-07', '3', '1992-09-03 13:27:30', 'Arvillaland');
INSERT INTO `profiles` (`user_id`, `gender`, `birthday`, `photo_id`, `created_at`, `hometown`) VALUES ('204', 'm', '2002-05-24', '4', '1980-09-08 04:26:53', 'Port Frankie');
INSERT INTO `profiles` (`user_id`, `gender`, `birthday`, `photo_id`, `created_at`, `hometown`) VALUES ('205', 'f', '2015-03-12', '5', '2017-05-13 13:56:52', 'Lake Mariloubury');
INSERT INTO `profiles` (`user_id`, `gender`, `birthday`, `photo_id`, `created_at`, `hometown`) VALUES ('206', 'm', '2012-07-20', '6', '2012-03-30 05:08:31', 'South Bradley');
INSERT INTO `profiles` (`user_id`, `gender`, `birthday`, `photo_id`, `created_at`, `hometown`) VALUES ('207', 'm', '1997-08-14', '7', '1977-07-24 16:34:13', 'New Trevaborough');
INSERT INTO `profiles` (`user_id`, `gender`, `birthday`, `photo_id`, `created_at`, `hometown`) VALUES ('208', 'f', '1995-04-25', '8', '1985-09-23 05:51:32', 'Hamillview');
INSERT INTO `profiles` (`user_id`, `gender`, `birthday`, `photo_id`, `created_at`, `hometown`) VALUES ('209', 'f', '1989-12-06', '9', '2013-05-19 06:34:33', 'Wolfftown');
INSERT INTO `profiles` (`user_id`, `gender`, `birthday`, `photo_id`, `created_at`, `hometown`) VALUES ('210', 'f', '2007-09-18', '10', '2000-11-07 03:39:29', 'Elmoview');
INSERT INTO `profiles` (`user_id`, `gender`, `birthday`, `photo_id`, `created_at`, `hometown`) VALUES ('211', 'f', '2018-08-07', '11', '1975-07-19 07:47:31', 'Loyalshire');
INSERT INTO `profiles` (`user_id`, `gender`, `birthday`, `photo_id`, `created_at`, `hometown`) VALUES ('212', 'm', '1975-01-09', '12', '2017-12-01 21:34:49', 'Pagacbury');
INSERT INTO `profiles` (`user_id`, `gender`, `birthday`, `photo_id`, `created_at`, `hometown`) VALUES ('213', 'f', '1978-06-11', '13', '1989-12-21 19:37:59', 'Lake Ramiromouth');
INSERT INTO `profiles` (`user_id`, `gender`, `birthday`, `photo_id`, `created_at`, `hometown`) VALUES ('216', 'm', '1981-07-05', '14', '2010-03-20 09:23:19', 'Port Alessandroton');
INSERT INTO `profiles` (`user_id`, `gender`, `birthday`, `photo_id`, `created_at`, `hometown`) VALUES ('218', 'f', '2011-11-25', '15', '2006-05-14 02:07:48', 'Cruickshankside');
INSERT INTO `profiles` (`user_id`, `gender`, `birthday`, `photo_id`, `created_at`, `hometown`) VALUES ('219', 'f', '2009-01-24', '16', '1999-10-20 22:09:38', 'North Scottieland');
INSERT INTO `profiles` (`user_id`, `gender`, `birthday`, `photo_id`, `created_at`, `hometown`) VALUES ('220', 'f', '1991-11-23', '17', '1986-02-09 14:43:26', 'Verlieport');
INSERT INTO `profiles` (`user_id`, `gender`, `birthday`, `photo_id`, `created_at`, `hometown`) VALUES ('222', 'm', '2016-02-26', '18', '1988-01-15 10:40:47', 'Kertzmannton');
INSERT INTO `profiles` (`user_id`, `gender`, `birthday`, `photo_id`, `created_at`, `hometown`) VALUES ('224', 'm', '1970-04-09', '19', '2008-04-17 08:57:18', 'South Kendallberg');
INSERT INTO `profiles` (`user_id`, `gender`, `birthday`, `photo_id`, `created_at`, `hometown`) VALUES ('227', 'm', '1985-04-25', '20', '2008-03-25 14:44:54', 'South Aniyah');
INSERT INTO `profiles` (`user_id`, `gender`, `birthday`, `photo_id`, `created_at`, `hometown`) VALUES ('229', 'f', '1995-02-03', '21', '1983-08-28 18:21:59', 'Bogisichberg');
INSERT INTO `profiles` (`user_id`, `gender`, `birthday`, `photo_id`, `created_at`, `hometown`) VALUES ('233', 'f', '1972-08-18', '22', '1970-11-04 05:53:45', 'Port Gennaroberg');
INSERT INTO `profiles` (`user_id`, `gender`, `birthday`, `photo_id`, `created_at`, `hometown`) VALUES ('236', 'f', '1977-06-03', '23', '2019-05-31 12:10:32', 'Darrelchester');
INSERT INTO `profiles` (`user_id`, `gender`, `birthday`, `photo_id`, `created_at`, `hometown`) VALUES ('237', 'f', '2014-06-16', '24', '1985-11-26 19:52:31', 'Casperchester');
INSERT INTO `profiles` (`user_id`, `gender`, `birthday`, `photo_id`, `created_at`, `hometown`) VALUES ('238', 'f', '1989-01-03', '25', '2003-11-05 10:26:52', 'Leonorhaven');
INSERT INTO `profiles` (`user_id`, `gender`, `birthday`, `photo_id`, `created_at`, `hometown`) VALUES ('240', 'f', '2016-11-13', '26', '2020-03-29 13:15:30', 'Port Christelle');
INSERT INTO `profiles` (`user_id`, `gender`, `birthday`, `photo_id`, `created_at`, `hometown`) VALUES ('242', 'f', '2011-04-22', '27', '2003-07-25 22:54:45', 'South Roosevelt');
INSERT INTO `profiles` (`user_id`, `gender`, `birthday`, `photo_id`, `created_at`, `hometown`) VALUES ('244', 'f', '1990-01-06', '28', '1977-03-29 15:07:52', 'West Maye');
INSERT INTO `profiles` (`user_id`, `gender`, `birthday`, `photo_id`, `created_at`, `hometown`) VALUES ('246', 'm', '1986-10-17', '29', '1982-05-16 12:42:30', 'West Elmore');
INSERT INTO `profiles` (`user_id`, `gender`, `birthday`, `photo_id`, `created_at`, `hometown`) VALUES ('248', 'f', '1985-12-30', '30', '1976-02-07 14:26:13', 'Meggieland');
INSERT INTO `profiles` (`user_id`, `gender`, `birthday`, `photo_id`, `created_at`, `hometown`) VALUES ('251', 'm', '1987-01-28', '31', '2004-06-11 15:09:23', 'Vonside');
INSERT INTO `profiles` (`user_id`, `gender`, `birthday`, `photo_id`, `created_at`, `hometown`) VALUES ('253', 'f', '2005-11-25', '32', '2020-06-10 14:32:26', 'West Virginie');
INSERT INTO `profiles` (`user_id`, `gender`, `birthday`, `photo_id`, `created_at`, `hometown`) VALUES ('254', 'm', '1988-05-16', '33', '1985-02-11 20:32:19', 'West Ilene');
INSERT INTO `profiles` (`user_id`, `gender`, `birthday`, `photo_id`, `created_at`, `hometown`) VALUES ('256', 'f', '1992-05-04', '34', '1994-03-06 05:58:21', 'Adellmouth');
INSERT INTO `profiles` (`user_id`, `gender`, `birthday`, `photo_id`, `created_at`, `hometown`) VALUES ('257', 'm', '2015-09-19', '35', '2005-04-12 13:30:40', 'West Zula');
INSERT INTO `profiles` (`user_id`, `gender`, `birthday`, `photo_id`, `created_at`, `hometown`) VALUES ('258', 'm', '2013-10-30', '36', '1994-04-12 08:43:15', 'New Genovevashire');
INSERT INTO `profiles` (`user_id`, `gender`, `birthday`, `photo_id`, `created_at`, `hometown`) VALUES ('262', 'm', '1998-08-15', '37', '1997-07-07 05:02:27', 'North Edmond');
INSERT INTO `profiles` (`user_id`, `gender`, `birthday`, `photo_id`, `created_at`, `hometown`) VALUES ('264', 'm', '2010-07-27', '38', '1986-03-29 04:23:22', 'New Brennan');
INSERT INTO `profiles` (`user_id`, `gender`, `birthday`, `photo_id`, `created_at`, `hometown`) VALUES ('268', 'm', '1988-02-17', '39', '1972-11-11 01:07:41', 'North Brenden');
INSERT INTO `profiles` (`user_id`, `gender`, `birthday`, `photo_id`, `created_at`, `hometown`) VALUES ('269', 'm', '1998-04-12', '40', '1975-05-15 02:34:10', 'South Nia');
INSERT INTO `profiles` (`user_id`, `gender`, `birthday`, `photo_id`, `created_at`, `hometown`) VALUES ('272', 'f', '1983-08-06', '41', '2004-02-03 21:07:55', 'Colemouth');
INSERT INTO `profiles` (`user_id`, `gender`, `birthday`, `photo_id`, `created_at`, `hometown`) VALUES ('276', 'm', '1991-08-02', '42', '2009-08-26 20:42:11', 'Emeliashire');
INSERT INTO `profiles` (`user_id`, `gender`, `birthday`, `photo_id`, `created_at`, `hometown`) VALUES ('277', 'f', '2009-07-23', '43', '2003-01-10 01:52:34', 'Tobymouth');
INSERT INTO `profiles` (`user_id`, `gender`, `birthday`, `photo_id`, `created_at`, `hometown`) VALUES ('282', 'm', '1980-12-28', '44', '1979-04-27 03:38:20', 'Mireyaland');
INSERT INTO `profiles` (`user_id`, `gender`, `birthday`, `photo_id`, `created_at`, `hometown`) VALUES ('283', 'm', '1987-05-15', '45', '1988-08-23 20:16:57', 'South Brainberg');
INSERT INTO `profiles` (`user_id`, `gender`, `birthday`, `photo_id`, `created_at`, `hometown`) VALUES ('284', 'm', '1988-02-25', '46', '1987-09-23 02:54:20', 'Madalineburgh');
INSERT INTO `profiles` (`user_id`, `gender`, `birthday`, `photo_id`, `created_at`, `hometown`) VALUES ('286', 'f', '1974-08-17', '47', '1989-03-31 07:54:17', 'North Kiarraville');
INSERT INTO `profiles` (`user_id`, `gender`, `birthday`, `photo_id`, `created_at`, `hometown`) VALUES ('287', 'f', '2015-04-29', '48', '1986-06-04 08:12:00', 'South Brooklynside');
INSERT INTO `profiles` (`user_id`, `gender`, `birthday`, `photo_id`, `created_at`, `hometown`) VALUES ('288', 'm', '1996-06-20', '49', '1996-11-15 09:38:33', 'Baumbachchester');
INSERT INTO `profiles` (`user_id`, `gender`, `birthday`, `photo_id`, `created_at`, `hometown`) VALUES ('290', 'm', '2019-02-02', '50', '1983-02-20 22:15:17', 'Marquardtmouth');
INSERT INTO `profiles` (`user_id`, `gender`, `birthday`, `photo_id`, `created_at`, `hometown`) VALUES ('293', 'f', '2014-11-17', '51', '1979-05-11 20:19:12', 'Maurineburgh');
INSERT INTO `profiles` (`user_id`, `gender`, `birthday`, `photo_id`, `created_at`, `hometown`) VALUES ('294', 'f', '1995-07-14', '52', '1981-11-30 20:17:04', 'Kristinahaven');
INSERT INTO `profiles` (`user_id`, `gender`, `birthday`, `photo_id`, `created_at`, `hometown`) VALUES ('295', 'm', '1999-04-21', '53', '1998-07-22 14:27:16', 'Reynoldston');
INSERT INTO `profiles` (`user_id`, `gender`, `birthday`, `photo_id`, `created_at`, `hometown`) VALUES ('296', 'm', '2006-07-31', '54', '2019-11-02 14:27:31', 'North Susannabury');
INSERT INTO `profiles` (`user_id`, `gender`, `birthday`, `photo_id`, `created_at`, `hometown`) VALUES ('298', 'm', '1980-09-04', '55', '2007-10-21 11:04:24', 'West Nicolafurt');
INSERT INTO `profiles` (`user_id`, `gender`, `birthday`, `photo_id`, `created_at`, `hometown`) VALUES ('299', 'f', '1995-06-28', '56', '1980-02-17 16:39:47', 'East Kasandrachester');
INSERT INTO `profiles` (`user_id`, `gender`, `birthday`, `photo_id`, `created_at`, `hometown`) VALUES ('300', 'm', '2006-11-18', '57', '1983-04-30 15:51:23', 'Schmittstad');
INSERT INTO `profiles` (`user_id`, `gender`, `birthday`, `photo_id`, `created_at`, `hometown`) VALUES ('301', 'f', '1988-12-06', '58', '1992-03-29 15:40:04', 'Port Janiyashire');
INSERT INTO `profiles` (`user_id`, `gender`, `birthday`, `photo_id`, `created_at`, `hometown`) VALUES ('306', 'm', '2006-07-29', '59', '1977-09-02 04:55:19', 'Tommouth');
INSERT INTO `profiles` (`user_id`, `gender`, `birthday`, `photo_id`, `created_at`, `hometown`) VALUES ('307', 'f', '2013-04-25', '60', '2008-01-19 00:58:59', 'Nikitamouth');
INSERT INTO `profiles` (`user_id`, `gender`, `birthday`, `photo_id`, `created_at`, `hometown`) VALUES ('308', 'm', '1977-08-02', '61', '1979-08-10 02:53:44', 'Wuckertport');
INSERT INTO `profiles` (`user_id`, `gender`, `birthday`, `photo_id`, `created_at`, `hometown`) VALUES ('309', 'm', '1994-08-05', '62', '1980-09-10 15:09:13', 'East Lavernaville');
INSERT INTO `profiles` (`user_id`, `gender`, `birthday`, `photo_id`, `created_at`, `hometown`) VALUES ('310', 'm', '1992-11-28', '63', '2016-02-27 15:47:42', 'East Sherwoodfort');
INSERT INTO `profiles` (`user_id`, `gender`, `birthday`, `photo_id`, `created_at`, `hometown`) VALUES ('311', 'f', '1998-07-31', '64', '1971-03-08 03:01:21', 'Port Hirammouth');
INSERT INTO `profiles` (`user_id`, `gender`, `birthday`, `photo_id`, `created_at`, `hometown`) VALUES ('312', 'f', '2002-10-13', '65', '2020-08-10 15:04:10', 'Port Zachariahport');
INSERT INTO `profiles` (`user_id`, `gender`, `birthday`, `photo_id`, `created_at`, `hometown`) VALUES ('313', 'f', '1991-05-19', '66', '1975-06-28 13:40:46', 'Nitzschestad');
INSERT INTO `profiles` (`user_id`, `gender`, `birthday`, `photo_id`, `created_at`, `hometown`) VALUES ('314', 'f', '1999-10-31', '67', '1988-08-23 01:49:40', 'Johnstonburgh');
INSERT INTO `profiles` (`user_id`, `gender`, `birthday`, `photo_id`, `created_at`, `hometown`) VALUES ('315', 'f', '1999-12-20', '68', '1984-12-25 06:27:18', 'O\'Keefemouth');
INSERT INTO `profiles` (`user_id`, `gender`, `birthday`, `photo_id`, `created_at`, `hometown`) VALUES ('317', 'f', '1984-07-22', '69', '2000-06-18 13:28:48', 'Alextown');
INSERT INTO `profiles` (`user_id`, `gender`, `birthday`, `photo_id`, `created_at`, `hometown`) VALUES ('318', 'm', '2006-10-14', '70', '1978-02-10 20:26:58', 'Port Wilhelmineburgh');
INSERT INTO `profiles` (`user_id`, `gender`, `birthday`, `photo_id`, `created_at`, `hometown`) VALUES ('321', 'f', '2018-04-03', '71', '1977-08-21 20:11:08', 'Roobborough');
INSERT INTO `profiles` (`user_id`, `gender`, `birthday`, `photo_id`, `created_at`, `hometown`) VALUES ('322', 'm', '2003-05-17', '72', '1975-12-26 21:21:13', 'Nathanialbury');
INSERT INTO `profiles` (`user_id`, `gender`, `birthday`, `photo_id`, `created_at`, `hometown`) VALUES ('325', 'f', '1993-10-13', '73', '1988-09-15 07:19:09', 'Ricemouth');
INSERT INTO `profiles` (`user_id`, `gender`, `birthday`, `photo_id`, `created_at`, `hometown`) VALUES ('327', 'm', '1971-04-27', '74', '2006-11-02 14:47:40', 'Lake Raultown');
INSERT INTO `profiles` (`user_id`, `gender`, `birthday`, `photo_id`, `created_at`, `hometown`) VALUES ('329', 'f', '2018-07-01', '75', '1973-10-03 09:02:19', 'Lake Elenachester');
INSERT INTO `profiles` (`user_id`, `gender`, `birthday`, `photo_id`, `created_at`, `hometown`) VALUES ('330', 'm', '1972-10-01', '76', '1986-09-29 15:39:33', 'Claudiechester');
INSERT INTO `profiles` (`user_id`, `gender`, `birthday`, `photo_id`, `created_at`, `hometown`) VALUES ('331', 'f', '2003-08-11', '77', '1985-03-11 05:41:09', 'Port Judahland');
INSERT INTO `profiles` (`user_id`, `gender`, `birthday`, `photo_id`, `created_at`, `hometown`) VALUES ('332', 'f', '1975-02-11', '78', '1988-01-24 19:07:42', 'Altabury');
INSERT INTO `profiles` (`user_id`, `gender`, `birthday`, `photo_id`, `created_at`, `hometown`) VALUES ('333', 'f', '1986-10-22', '79', '1997-06-22 08:06:16', 'Lake Deltashire');
INSERT INTO `profiles` (`user_id`, `gender`, `birthday`, `photo_id`, `created_at`, `hometown`) VALUES ('336', 'm', '1987-06-04', '80', '1976-01-25 10:01:27', 'North Melisa');
INSERT INTO `profiles` (`user_id`, `gender`, `birthday`, `photo_id`, `created_at`, `hometown`) VALUES ('338', 'f', '1988-08-15', '81', '2001-02-15 08:43:46', 'West Christopheborough');
INSERT INTO `profiles` (`user_id`, `gender`, `birthday`, `photo_id`, `created_at`, `hometown`) VALUES ('339', 'm', '1999-01-17', '82', '2007-10-22 17:25:31', 'Pourosmouth');
INSERT INTO `profiles` (`user_id`, `gender`, `birthday`, `photo_id`, `created_at`, `hometown`) VALUES ('340', 'm', '1988-11-05', '83', '2012-01-22 21:50:49', 'Jacobsfort');
INSERT INTO `profiles` (`user_id`, `gender`, `birthday`, `photo_id`, `created_at`, `hometown`) VALUES ('341', 'm', '1990-10-23', '84', '2002-04-29 04:30:57', 'Port Alvertaport');
INSERT INTO `profiles` (`user_id`, `gender`, `birthday`, `photo_id`, `created_at`, `hometown`) VALUES ('342', 'm', '2019-09-04', '85', '2006-02-04 06:05:56', 'Ramonville');
INSERT INTO `profiles` (`user_id`, `gender`, `birthday`, `photo_id`, `created_at`, `hometown`) VALUES ('345', 'm', '1980-08-25', '86', '2007-06-01 16:47:22', 'West Everette');
INSERT INTO `profiles` (`user_id`, `gender`, `birthday`, `photo_id`, `created_at`, `hometown`) VALUES ('348', 'm', '2017-02-05', '87', '2012-12-26 10:08:04', 'Goodwinchester');
INSERT INTO `profiles` (`user_id`, `gender`, `birthday`, `photo_id`, `created_at`, `hometown`) VALUES ('350', 'f', '2000-05-17', '88', '2020-03-29 23:40:05', 'West Greta');
INSERT INTO `profiles` (`user_id`, `gender`, `birthday`, `photo_id`, `created_at`, `hometown`) VALUES ('351', 'm', '2013-07-20', '89', '1992-10-27 18:03:34', 'North Khalid');
INSERT INTO `profiles` (`user_id`, `gender`, `birthday`, `photo_id`, `created_at`, `hometown`) VALUES ('354', 'f', '2018-04-08', '90', '2011-04-11 06:07:23', 'Lake Malcolmview');
INSERT INTO `profiles` (`user_id`, `gender`, `birthday`, `photo_id`, `created_at`, `hometown`) VALUES ('355', 'f', '2014-09-01', '91', '1984-11-14 04:35:51', 'Lilianmouth');
INSERT INTO `profiles` (`user_id`, `gender`, `birthday`, `photo_id`, `created_at`, `hometown`) VALUES ('356', 'm', '1991-06-11', '92', '2000-07-11 22:13:00', 'Lake Dereckview');
INSERT INTO `profiles` (`user_id`, `gender`, `birthday`, `photo_id`, `created_at`, `hometown`) VALUES ('357', 'f', '1972-08-03', '93', '1974-08-16 17:53:16', 'Dietrichtown');
INSERT INTO `profiles` (`user_id`, `gender`, `birthday`, `photo_id`, `created_at`, `hometown`) VALUES ('358', 'm', '2012-06-30', '94', '1990-01-21 11:34:57', 'Kellyhaven');
INSERT INTO `profiles` (`user_id`, `gender`, `birthday`, `photo_id`, `created_at`, `hometown`) VALUES ('359', 'm', '2009-12-25', '95', '1999-05-18 15:43:48', 'South Oral');
INSERT INTO `profiles` (`user_id`, `gender`, `birthday`, `photo_id`, `created_at`, `hometown`) VALUES ('361', 'm', '1970-07-19', '96', '1994-06-04 14:34:58', 'New Anita');
INSERT INTO `profiles` (`user_id`, `gender`, `birthday`, `photo_id`, `created_at`, `hometown`) VALUES ('363', 'f', '2010-07-05', '97', '2010-05-02 19:41:30', 'Lake Kyla');
INSERT INTO `profiles` (`user_id`, `gender`, `birthday`, `photo_id`, `created_at`, `hometown`) VALUES ('364', 'f', '2005-07-12', '98', '1996-01-19 07:59:14', 'Lake Kelliestad');
INSERT INTO `profiles` (`user_id`, `gender`, `birthday`, `photo_id`, `created_at`, `hometown`) VALUES ('365', 'f', '2002-04-25', '99', '1979-07-06 22:04:51', 'North Benedictville');
INSERT INTO `profiles` (`user_id`, `gender`, `birthday`, `photo_id`, `created_at`, `hometown`) VALUES ('366', 'f', '1972-02-11', '100', '2004-02-09 11:38:13', 'North Noel');



